#node1	node2	node1_string_id	node2_string_id	neighborhood_on_chromosome	gene_fusion	phylogenetic_cooccurrence	homology	coexpression	experimentally_determined_interaction	database_annotated	automated_textmining	combined_score
Rv0021c	ppsA	83332.Rv0021c	83332.Rv2931	0.091	0	0	0	0.120	0.282	0	0.098	0.412
Rv0021c	pks17	83332.Rv0021c	83332.Rv1663	0.075	0	0	0	0.167	0.282	0	0.096	0.433
Rv0021c	kasA	83332.Rv0021c	83332.Rv2245	0.073	0	0	0	0.414	0	0	0.089	0.461
Rv0021c	kasB	83332.Rv0021c	83332.Rv2246	0.073	0	0	0	0.414	0	0	0.089	0.462
Rv0021c	ppsB	83332.Rv0021c	83332.Rv2932	0.148	0	0	0	0.120	0.282	0	0.132	0.470
Rv0021c	pks4	83332.Rv0021c	83332.Rv1181	0.146	0	0	0	0.120	0.282	0	0.140	0.473
Rv0021c	pks7	83332.Rv0021c	83332.Rv1661	0.146	0	0	0	0.124	0.282	0	0.140	0.476
Rv0021c	fabD	83332.Rv0021c	83332.Rv2243	0.115	0	0	0	0.407	0	0	0.093	0.483
Rv0021c	pks13	83332.Rv0021c	83332.Rv3800c	0.141	0	0	0	0.145	0.282	0	0.266	0.561
Rv0021c	pks2	83332.Rv0021c	83332.Rv3825c	0.162	0	0	0	0.234	0.282	0	0.181	0.572
Rv0021c	mas	83332.Rv0021c	83332.Rv2940c	0.162	0	0	0	0.234	0.282	0	0.181	0.572
Rv0021c	ppsC	83332.Rv0021c	83332.Rv2933	0.162	0	0	0	0.234	0.282	0	0.181	0.572
Rv0021c	pks5	83332.Rv0021c	83332.Rv1527c	0.162	0	0	0	0.237	0.282	0	0.181	0.574
Rv0021c	pks12	83332.Rv0021c	83332.Rv2048c	0.162	0	0	0	0.238	0.282	0	0.181	0.574
Rv0021c	Rv2781c	83332.Rv0021c	83332.Rv2781c	0	0	0.324	0.611	0.045	0	0.900	0	0.929
Rv0163	mbtE	83332.Rv0163	83332.Rv2380c	0.069	0	0	0	0.197	0.225	0	0.088	0.401
Rv0163	ppsE	83332.Rv0163	83332.Rv2935	0.044	0	0	0	0.401	0.212	0	0.075	0.526
Rv0163	pks15	83332.Rv0163	83332.Rv2947c	0.044	0	0	0	0.401	0.212	0	0.075	0.526
Rv0163	pks3	83332.Rv0163	83332.Rv1180	0.044	0	0	0	0.401	0.212	0	0.075	0.526
Rv0163	ppsD	83332.Rv0163	83332.Rv2934	0.044	0	0	0	0.402	0.212	0	0.075	0.528
Rv0163	mbtD	83332.Rv0163	83332.Rv2381c	0.044	0	0	0	0.402	0.212	0	0.075	0.528
Rv0163	mbtC	83332.Rv0163	83332.Rv2382c	0.044	0	0	0	0.402	0.212	0	0.075	0.528
Rv0163	pks9	83332.Rv0163	83332.Rv1664	0.044	0	0	0	0.404	0.212	0	0.075	0.529
Rv0163	pks8	83332.Rv0163	83332.Rv1662	0.072	0	0	0	0.406	0.212	0	0.082	0.548
Rv0163	pks17	83332.Rv0163	83332.Rv1663	0.093	0	0	0	0.219	0.446	0	0.120	0.608
Rv0163	fabD	83332.Rv0163	83332.Rv2243	0.070	0	0	0	0.405	0.365	0	0.120	0.649
Rv0163	ppsA	83332.Rv0163	83332.Rv2931	0.073	0	0	0	0.455	0.454	0	0.106	0.720
Rv0163	pks13	83332.Rv0163	83332.Rv3800c	0.073	0	0	0	0.455	0.454	0	0.161	0.737
Rv0163	pks4	83332.Rv0163	83332.Rv1181	0.119	0	0	0	0.460	0.454	0	0.135	0.745
Rv0163	pks7	83332.Rv0163	83332.Rv1661	0.119	0	0	0	0.463	0.454	0	0.135	0.746
Rv0163	ppsB	83332.Rv0163	83332.Rv2932	0.129	0	0	0	0.648	0.454	0	0.122	0.833
Rv0163	ppsC	83332.Rv0163	83332.Rv2933	0.160	0	0	0	0.468	0.816	0	0.258	0.930
Rv0163	pks2	83332.Rv0163	83332.Rv3825c	0.160	0	0	0	0.467	0.816	0	0.258	0.930
Rv0163	mas	83332.Rv0163	83332.Rv2940c	0.160	0	0	0	0.467	0.816	0	0.258	0.930
Rv0163	pks5	83332.Rv0163	83332.Rv1527c	0.160	0	0	0	0.469	0.816	0	0.258	0.931
Rv0163	pks12	83332.Rv0163	83332.Rv2048c	0.160	0	0	0	0.469	0.816	0	0.258	0.931
Rv0296c	ppiB	83332.Rv0296c	83332.Rv2582	0.044	0	0	0	0.399	0	0	0	0.401
Rv0296c	lprD	83332.Rv0296c	83332.Rv1343c	0	0	0	0	0.407	0	0	0	0.407
Rv0296c	pks17	83332.Rv0296c	83332.Rv1663	0.061	0	0	0	0.401	0.162	0	0.077	0.506
Rv0296c	atsD	83332.Rv0296c	83332.Rv0663	0	0.001	0.515	0	0.046	0	0	0	0.517
Rv0296c	ppsC	83332.Rv0296c	83332.Rv2933	0.072	0	0	0	0.401	0.162	0	0.099	0.524
Rv0296c	pks2	83332.Rv0296c	83332.Rv3825c	0.072	0	0	0	0.401	0.162	0	0.099	0.524
Rv0296c	pks12	83332.Rv0296c	83332.Rv2048c	0.072	0	0	0	0.402	0.162	0	0.099	0.525
Rv0296c	mas	83332.Rv0296c	83332.Rv2940c	0.072	0	0	0	0.404	0.162	0	0.099	0.527
Rv0296c	pks5	83332.Rv0296c	83332.Rv1527c	0.072	0	0	0	0.407	0.162	0	0.099	0.529
Rv0296c	atsA	83332.Rv0296c	83332.Rv0711	0	0.003	0.587	0	0	0	0	0	0.587
Rv0310c	acpA	83332.Rv0310c	83332.Rv0033	0	0	0	0	0.270	0.449	0.561	0.085	0.816
Rv0310c	fadE16	83332.Rv0310c	83332.Rv1679	0	0	0	0	0.050	0.107	0.375	0.073	0.442
Rv0310c	pks8	83332.Rv0310c	83332.Rv1662	0.072	0	0	0	0.300	0.136	0	0.136	0.450
Rv0310c	Rv2776c	83332.Rv0310c	83332.Rv2776c	0.072	0	0	0	0.049	0.444	0	0.126	0.513
Rv0310c	Rv3230c	83332.Rv0310c	83332.Rv3230c	0.072	0	0	0	0.051	0.444	0	0.126	0.515
Rv0310c	fdxB	83332.Rv0310c	83332.Rv3554	0.073	0	0	0	0.081	0.444	0	0.164	0.551
Rv0310c	kshB	83332.Rv0310c	83332.Rv3571	0.072	0	0.218	0	0.049	0.444	0	0.126	0.603
Rv0310c	phyA	83332.Rv0310c	83332.Rv3397c	0.107	0	0	0	0.044	0	0.666	0.135	0.720
Rv0310c	ctaE	83332.Rv0310c	83332.Rv2193	0	0	0	0	0	0.790	0	0.077	0.797
Rv0310c	ctaD	83332.Rv0310c	83332.Rv3043c	0	0	0	0	0.042	0.793	0	0.099	0.805
Rv0310c	mbtE	83332.Rv0310c	83332.Rv2380c	0	0	0	0	0.268	0.449	0.561	0.139	0.827
Rv0310c	ppsA	83332.Rv0310c	83332.Rv2931	0	0	0	0	0.390	0.449	0.561	0.136	0.855
Rv0310c	pks13	83332.Rv0310c	83332.Rv3800c	0	0	0	0	0.390	0.449	0.561	0.136	0.855
Rv0310c	pks17	83332.Rv0310c	83332.Rv1663	0.056	0	0	0	0.378	0.464	0.561	0.144	0.860
Rv0310c	ppsB	83332.Rv0310c	83332.Rv2932	0.072	0	0	0	0.391	0.475	0.561	0.266	0.887
Rv0310c	pks7	83332.Rv0310c	83332.Rv1661	0.072	0	0	0	0.449	0.465	0.561	0.280	0.897
Rv0310c	pks4	83332.Rv0310c	83332.Rv1181	0.072	0	0	0	0.449	0.465	0.561	0.280	0.897
Rv0310c	qcrB	83332.Rv0310c	83332.Rv2196	0	0	0	0	0.138	0.902	0	0.099	0.917
Rv0310c	pks2	83332.Rv0310c	83332.Rv3825c	0.098	0	0	0	0.506	0.496	0.561	0.371	0.926
Rv0310c	mas	83332.Rv0310c	83332.Rv2940c	0.098	0	0	0	0.506	0.496	0.561	0.371	0.926
Rv0310c	ppsC	83332.Rv0310c	83332.Rv2933	0.098	0	0	0	0.506	0.496	0.561	0.371	0.926
Rv0310c	pks12	83332.Rv0310c	83332.Rv2048c	0.098	0	0	0	0.507	0.496	0.561	0.371	0.926
Rv0310c	pks5	83332.Rv0310c	83332.Rv1527c	0.098	0	0	0	0.509	0.496	0.561	0.371	0.927
Rv0310c	pepR	83332.Rv0310c	83332.Rv2782c	0	0	0	0	0.409	0.919	0	0.165	0.956
Rv0310c	nuoH	83332.Rv0310c	83332.Rv3152	0.045	0	0	0	0.051	0.928	0.667	0.149	0.978
Rv0310c	nuoN	83332.Rv0310c	83332.Rv3158	0.053	0	0	0	0.101	0.928	0.658	0.140	0.978
Rv0310c	nuoA	83332.Rv0310c	83332.Rv3145	0.044	0	0	0	0.137	0.928	0.667	0.129	0.979
Rv0310c	nuoM	83332.Rv0310c	83332.Rv3157	0.052	0	0	0	0.166	0.928	0.667	0.097	0.979
Rv0310c	nuoE	83332.Rv0310c	83332.Rv3149	0	0	0	0	0.648	0.928	0.561	0.165	0.989
Rv0310c	nuoF	83332.Rv0310c	83332.Rv3150	0	0	0	0	0.722	0.928	0.561	0.128	0.991
Rv0310c	nuoG	83332.Rv0310c	83332.Rv3151	0	0	0	0	0.634	0.928	0.738	0.165	0.993
Rv0310c	nuoB	83332.Rv0310c	83332.Rv3146	0.043	0	0	0	0.507	0.928	0.844	0.177	0.994
Rv0310c	nuoI	83332.Rv0310c	83332.Rv3153	0.043	0	0	0	0.685	0.928	0.844	0.164	0.996
Rv0310c	nuoD	83332.Rv0310c	83332.Rv3148	0.043	0	0	0	0.654	0.928	0.844	0.174	0.996
Rv0310c	nuoC	83332.Rv0310c	83332.Rv3147	0.043	0	0	0	0.724	0.928	0.844	0.226	0.997
Rv1277	acpA	83332.Rv1277	83332.Rv0033	0.043	0	0	0	0.063	0	0.511	0.076	0.541
Rv1277	pks4	83332.Rv1277	83332.Rv1181	0.072	0	0	0	0.061	0	0.511	0.076	0.554
Rv1277	phyA	83332.Rv1277	83332.Rv3397c	0.047	0	0	0	0.042	0	0	0.424	0.428
Rv1277	ppsA	83332.Rv1277	83332.Rv2931	0.050	0	0	0	0.059	0	0.511	0.076	0.542
Rv1277	mbtE	83332.Rv1277	83332.Rv2380c	0.072	0	0	0	0.059	0	0.511	0.076	0.553
Rv1277	ppsB	83332.Rv1277	83332.Rv2932	0.073	0	0	0	0.061	0	0.511	0.076	0.554
Rv1277	pks7	83332.Rv1277	83332.Rv1661	0.072	0	0	0	0.061	0	0.511	0.076	0.554
Rv1277	pks13	83332.Rv1277	83332.Rv3800c	0.050	0	0.227	0	0.064	0	0.511	0.076	0.633
Rv1277	Rv1739c	83332.Rv1277	83332.Rv1739c	0.058	0	0	0	0.063	0.681	0	0	0.693
Rv1277	Rv1707	83332.Rv1277	83332.Rv1707	0.058	0	0	0	0.063	0.681	0	0	0.693
Rv1277	Rv3273	83332.Rv1277	83332.Rv3273	0.071	0	0	0	0.068	0.681	0	0	0.699
Rv1277	pks17	83332.Rv1277	83332.Rv1663	0.058	0	0	0	0.063	0.404	0.511	0.098	0.725
Rv1277	pks12	83332.Rv1277	83332.Rv2048c	0.093	0	0	0	0.062	0.404	0.511	0.098	0.735
Rv1277	pks5	83332.Rv1277	83332.Rv1527c	0.093	0	0	0	0.066	0.404	0.511	0.098	0.736
Rv1277	ppsC	83332.Rv1277	83332.Rv2933	0.093	0	0	0	0.064	0.404	0.511	0.098	0.736
Rv1277	pks2	83332.Rv1277	83332.Rv3825c	0.093	0	0	0	0.066	0.404	0.511	0.098	0.736
Rv1277	mas	83332.Rv1277	83332.Rv2940c	0.093	0	0	0	0.066	0.404	0.511	0.098	0.736
Rv1277	qcrB	83332.Rv1277	83332.Rv2196	0	0	0	0	0.044	0.784	0	0.094	0.796
Rv1533	pks4	83332.Rv1533	83332.Rv1181	0.146	0	0	0	0.125	0.282	0	0.140	0.477
Rv1533	pks5	83332.Rv1533	83332.Rv1527c	0.162	0	0	0	0.238	0.282	0	0.181	0.574
Rv1533	ppsA	83332.Rv1533	83332.Rv2931	0.091	0	0	0	0.125	0.282	0	0.098	0.416
Rv1533	pks17	83332.Rv1533	83332.Rv1663	0.075	0	0	0	0.170	0.282	0	0.096	0.435
Rv1533	fabD	83332.Rv1533	83332.Rv2243	0.072	0	0	0	0.407	0	0	0.093	0.457
Rv1533	kasA	83332.Rv1533	83332.Rv2245	0.071	0	0	0	0.417	0	0	0.089	0.463
Rv1533	kasB	83332.Rv1533	83332.Rv2246	0.071	0	0	0	0.417	0	0	0.089	0.464
Rv1533	ppsB	83332.Rv1533	83332.Rv2932	0.148	0	0	0	0.120	0.282	0	0.132	0.470
Rv1533	pks7	83332.Rv1533	83332.Rv1661	0.146	0	0	0	0.128	0.282	0	0.140	0.478
Rv1533	pks13	83332.Rv1533	83332.Rv3800c	0.141	0	0	0	0.156	0.282	0	0.266	0.567
Rv1533	ppsC	83332.Rv1533	83332.Rv2933	0.162	0	0	0	0.234	0.282	0	0.181	0.572
Rv1533	pks12	83332.Rv1533	83332.Rv2048c	0.162	0	0	0	0.238	0.282	0	0.181	0.574
Rv1533	pks2	83332.Rv1533	83332.Rv3825c	0.162	0	0	0	0.241	0.282	0	0.181	0.576
Rv1533	mas	83332.Rv1533	83332.Rv2940c	0.162	0	0	0	0.244	0.282	0	0.181	0.577
Rv1707	ptbB	83332.Rv1707	83332.Rv0153c	0.059	0	0	0	0.042	0.749	0	0	0.753
Rv1707	pks5	83332.Rv1707	83332.Rv1527c	0.070	0	0	0	0.049	0.772	0	0.094	0.793
Rv1707	pks17	83332.Rv1707	83332.Rv1663	0.043	0	0	0	0.049	0.772	0	0.077	0.782
Rv1707	pks13	83332.Rv1707	83332.Rv3800c	0.046	0	0	0	0.047	0.367	0	0.094	0.408
Rv1707	Rv3273	83332.Rv1707	83332.Rv3273	0.072	0	0.289	0.632	0.141	0	0	0.095	0.418
Rv1707	nuoM	83332.Rv1707	83332.Rv3157	0.071	0	0	0	0.102	0.541	0	0.098	0.608
Rv1707	canB	83332.Rv1707	83332.Rv3588c	0.146	0.612	0	0	0.141	0	0	0.095	0.708
Rv1707	qcrB	83332.Rv1707	83332.Rv2196	0	0	0	0	0.044	0.774	0	0.077	0.783
Rv1707	mas	83332.Rv1707	83332.Rv2940c	0.070	0	0	0	0.051	0.772	0	0.094	0.793
Rv1707	pks2	83332.Rv1707	83332.Rv3825c	0.070	0	0	0	0.051	0.772	0	0.094	0.793
Rv1707	pks12	83332.Rv1707	83332.Rv2048c	0.070	0	0	0	0.051	0.772	0	0.094	0.793
Rv1707	ppsC	83332.Rv1707	83332.Rv2933	0.070	0	0	0	0.051	0.772	0	0.094	0.793
Rv1739c	ptbB	83332.Rv1739c	83332.Rv0153c	0.059	0	0	0	0	0.749	0	0	0.753
Rv1739c	pks5	83332.Rv1739c	83332.Rv1527c	0.070	0	0	0	0.052	0.772	0	0.094	0.793
Rv1739c	pks17	83332.Rv1739c	83332.Rv1663	0.043	0	0	0	0.051	0.772	0	0.077	0.783
Rv1739c	pks13	83332.Rv1739c	83332.Rv3800c	0.046	0	0	0	0	0.367	0	0.094	0.405
Rv1739c	nuoM	83332.Rv1739c	83332.Rv3157	0.071	0	0	0	0.102	0.541	0	0.098	0.608
Rv1739c	qcrB	83332.Rv1739c	83332.Rv2196	0	0	0	0	0	0.774	0	0.077	0.782
Rv1739c	mas	83332.Rv1739c	83332.Rv2940c	0.070	0	0	0	0.049	0.772	0	0.094	0.792
Rv1739c	ppsC	83332.Rv1739c	83332.Rv2933	0.070	0	0	0	0.049	0.772	0	0.094	0.792
Rv1739c	pks12	83332.Rv1739c	83332.Rv2048c	0.070	0	0	0	0.049	0.772	0	0.094	0.792
Rv1739c	pks2	83332.Rv1739c	83332.Rv3825c	0.070	0	0	0	0.049	0.772	0	0.094	0.793
Rv1894c	pks4	83332.Rv1894c	83332.Rv1181	0.146	0	0	0	0.120	0.282	0	0.140	0.473
Rv1894c	pks5	83332.Rv1894c	83332.Rv1527c	0.162	0	0	0	0.237	0.282	0	0.181	0.574
Rv1894c	pks7	83332.Rv1894c	83332.Rv1661	0.146	0	0	0	0.125	0.282	0	0.140	0.477
Rv1894c	pks17	83332.Rv1894c	83332.Rv1663	0.075	0	0	0	0.170	0.282	0	0.096	0.435
Rv1894c	ppsA	83332.Rv1894c	83332.Rv2931	0.091	0	0	0	0.122	0.282	0	0.098	0.414
Rv1894c	fabD	83332.Rv1894c	83332.Rv2243	0.072	0	0	0	0.407	0	0	0.093	0.458
Rv1894c	kasB	83332.Rv1894c	83332.Rv2246	0.071	0	0	0	0.415	0	0	0.089	0.462
Rv1894c	kasA	83332.Rv1894c	83332.Rv2245	0.071	0	0	0	0.415	0	0	0.089	0.462
Rv1894c	ppsB	83332.Rv1894c	83332.Rv2932	0.148	0	0	0	0.120	0.282	0	0.132	0.470
Rv1894c	pks13	83332.Rv1894c	83332.Rv3800c	0.141	0	0	0	0.147	0.282	0	0.266	0.562
Rv1894c	pks12	83332.Rv1894c	83332.Rv2048c	0.162	0	0	0	0.234	0.282	0	0.181	0.572
Rv1894c	pks2	83332.Rv1894c	83332.Rv3825c	0.162	0	0	0	0.236	0.282	0	0.181	0.573
Rv1894c	ppsC	83332.Rv1894c	83332.Rv2933	0.162	0	0	0	0.237	0.282	0	0.181	0.574
Rv1894c	mas	83332.Rv1894c	83332.Rv2940c	0.162	0	0	0	0.238	0.282	0	0.181	0.574
Rv2475c	pks3	83332.Rv2475c	83332.Rv1180	0.044	0	0	0	0.409	0.212	0	0.075	0.533
Rv2475c	pks4	83332.Rv2475c	83332.Rv1181	0.119	0	0	0	0.467	0.454	0	0.135	0.748
Rv2475c	pks5	83332.Rv2475c	83332.Rv1527c	0.160	0	0	0	0.469	0.816	0	0.258	0.931
Rv2475c	pks7	83332.Rv2475c	83332.Rv1661	0.119	0	0	0	0.467	0.454	0	0.135	0.748
Rv2475c	pks8	83332.Rv2475c	83332.Rv1662	0.072	0	0	0	0.411	0.212	0	0.082	0.552
Rv2475c	pks17	83332.Rv2475c	83332.Rv1663	0.093	0	0	0	0.237	0.446	0	0.120	0.617
Rv2475c	pks9	83332.Rv2475c	83332.Rv1664	0.044	0	0	0	0.411	0.212	0	0.075	0.535
Rv2475c	pks12	83332.Rv2475c	83332.Rv2048c	0.160	0	0	0	0.474	0.816	0	0.258	0.931
Rv2475c	fabD	83332.Rv2475c	83332.Rv2243	0.070	0	0.298	0	0.405	0.365	0	0.120	0.743
Rv2475c	mbtE	83332.Rv2475c	83332.Rv2380c	0.069	0	0	0	0.200	0.225	0	0.088	0.403
Rv2475c	mbtD	83332.Rv2475c	83332.Rv2381c	0.044	0	0	0	0.404	0.212	0	0.075	0.529
Rv2475c	mbtC	83332.Rv2475c	83332.Rv2382c	0.044	0	0	0	0.403	0.212	0	0.075	0.528
Rv2475c	pks15	83332.Rv2475c	83332.Rv2947c	0.044	0	0	0	0.404	0.212	0	0.075	0.529
Rv2475c	ppsD	83332.Rv2475c	83332.Rv2934	0.044	0	0	0	0.409	0.212	0	0.075	0.533
Rv2475c	ppsE	83332.Rv2475c	83332.Rv2935	0.044	0	0	0	0.411	0.212	0	0.075	0.535
Rv2475c	ppsA	83332.Rv2475c	83332.Rv2931	0.073	0	0	0	0.462	0.454	0	0.106	0.724
Rv2475c	pks13	83332.Rv2475c	83332.Rv3800c	0.073	0	0	0	0.461	0.454	0	0.161	0.740
Rv2475c	ppsB	83332.Rv2475c	83332.Rv2932	0.129	0	0	0	0.650	0.454	0	0.122	0.834
Rv2475c	pks2	83332.Rv2475c	83332.Rv3825c	0.160	0	0	0	0.473	0.816	0	0.258	0.931
Rv2475c	ppsC	83332.Rv2475c	83332.Rv2933	0.160	0	0	0	0.477	0.816	0	0.258	0.931
Rv2475c	mas	83332.Rv2475c	83332.Rv2940c	0.160	0	0	0	0.483	0.816	0	0.258	0.932
Rv2776c	ppiA	83332.Rv2776c	83332.Rv0009	0.056	0	0	0	0.051	0.422	0	0.082	0.461
Rv2776c	ptbB	83332.Rv2776c	83332.Rv0153c	0.043	0	0	0	0.046	0.603	0	0.075	0.619
Rv2776c	pks4	83332.Rv2776c	83332.Rv1181	0.046	0	0	0	0.074	0.306	0	0.164	0.419
Rv2776c	pks5	83332.Rv2776c	83332.Rv1527c	0.071	0	0	0	0.099	0.703	0	0.317	0.807
Rv2776c	pks7	83332.Rv2776c	83332.Rv1661	0.046	0	0	0	0.073	0.306	0	0.164	0.418
Rv2776c	pks17	83332.Rv2776c	83332.Rv1663	0.094	0	0	0	0.104	0.703	0	0.153	0.768
Rv2776c	pks12	83332.Rv2776c	83332.Rv2048c	0.071	0	0	0	0.101	0.703	0	0.317	0.808
Rv2776c	qcrB	83332.Rv2776c	83332.Rv2196	0.047	0	0	0	0.047	0.412	0	0.099	0.454
Rv2776c	mbtE	83332.Rv2776c	83332.Rv2380c	0	0	0	0	0.066	0.306	0	0.162	0.409
Rv2776c	ppiB	83332.Rv2776c	83332.Rv2582	0.056	0	0	0	0.051	0.422	0	0.082	0.461
Rv2776c	pepR	83332.Rv2776c	83332.Rv2782c	0.053	0	0	0	0.052	0.387	0	0	0.402
Rv2776c	pks13	83332.Rv2776c	83332.Rv3800c	0	0	0	0	0.069	0.306	0	0.159	0.409
Rv2776c	ppsB	83332.Rv2776c	83332.Rv2932	0.071	0	0	0	0.069	0.306	0	0.135	0.411
Rv2776c	nuoG	83332.Rv2776c	83332.Rv3151	0	0	0	0	0.072	0.453	0	0	0.471
Rv2776c	nuoF	83332.Rv2776c	83332.Rv3150	0.073	0	0	0	0.124	0.453	0	0.167	0.580
Rv2776c	fdxB	83332.Rv2776c	83332.Rv3554	0.227	0	0.272	0.618	0.064	0	0	0.318	0.592
Rv2776c	nuoE	83332.Rv2776c	83332.Rv3149	0.073	0	0	0	0.206	0.450	0	0.134	0.602
Rv2776c	nuoN	83332.Rv2776c	83332.Rv3158	0.061	0	0	0	0.042	0.689	0	0.099	0.714
Rv2776c	nuoB	83332.Rv2776c	83332.Rv3146	0.073	0	0	0	0.073	0.689	0	0.077	0.720
Rv2776c	nuoH	83332.Rv2776c	83332.Rv3152	0.071	0	0	0	0.063	0.689	0	0.091	0.721
Rv2776c	nuoC	83332.Rv2776c	83332.Rv3147	0.071	0	0	0	0.074	0.688	0	0.087	0.722
Rv2776c	nuoA	83332.Rv2776c	83332.Rv3145	0.094	0	0	0	0	0.689	0	0.099	0.723
Rv2776c	nuoM	83332.Rv2776c	83332.Rv3157	0.071	0	0	0	0.044	0.707	0	0.098	0.733
Rv2776c	nuoD	83332.Rv2776c	83332.Rv3148	0.072	0	0	0	0.107	0.702	0	0.099	0.747
Rv2776c	nuoI	83332.Rv2776c	83332.Rv3153	0.073	0	0	0	0.174	0.700	0	0.176	0.785
Rv2776c	mas	83332.Rv2776c	83332.Rv2940c	0.071	0	0	0	0.104	0.703	0	0.317	0.808
Rv2776c	pks2	83332.Rv2776c	83332.Rv3825c	0.071	0	0	0	0.104	0.703	0	0.317	0.808
Rv2776c	ppsC	83332.Rv2776c	83332.Rv2933	0.071	0	0	0	0.104	0.703	0	0.317	0.808
Rv2781c	pks4	83332.Rv2781c	83332.Rv1181	0.146	0	0	0	0.124	0.282	0	0.140	0.476
Rv2781c	pks5	83332.Rv2781c	83332.Rv1527c	0.162	0	0	0	0.238	0.282	0	0.181	0.574
Rv2781c	pks7	83332.Rv2781c	83332.Rv1661	0.146	0	0	0	0.128	0.282	0	0.140	0.478
Rv2781c	pks17	83332.Rv2781c	83332.Rv1663	0.075	0	0	0	0.170	0.282	0	0.096	0.435
Rv2781c	pks12	83332.Rv2781c	83332.Rv2048c	0.162	0	0	0	0.277	0.282	0	0.181	0.596
Rv2781c	fabD	83332.Rv2781c	83332.Rv2243	0.072	0	0	0	0.409	0	0	0.093	0.459
Rv2781c	kasA	83332.Rv2781c	83332.Rv2245	0.071	0	0	0	0.421	0	0	0.089	0.468
Rv2781c	kasB	83332.Rv2781c	83332.Rv2246	0.071	0	0	0	0.421	0	0	0.089	0.468
Rv2781c	ppsA	83332.Rv2781c	83332.Rv2931	0.091	0	0	0	0.130	0.282	0	0.098	0.419
Rv2781c	ppsB	83332.Rv2781c	83332.Rv2932	0.148	0	0	0	0.125	0.282	0	0.132	0.473
Rv2781c	pks13	83332.Rv2781c	83332.Rv3800c	0.141	0	0	0	0.154	0.282	0	0.266	0.566
Rv2781c	pks2	83332.Rv2781c	83332.Rv3825c	0.162	0	0	0	0.236	0.282	0	0.181	0.573
Rv2781c	ppsC	83332.Rv2781c	83332.Rv2933	0.162	0	0	0	0.244	0.282	0	0.181	0.577
Rv2781c	mas	83332.Rv2781c	83332.Rv2940c	0.162	0	0	0	0.245	0.282	0	0.181	0.578
Rv2781c	pepR	83332.Rv2781c	83332.Rv2782c	0.802	0	0	0	0.275	0	0	0	0.850
Rv3230c	ppiA	83332.Rv3230c	83332.Rv0009	0.056	0	0	0	0.051	0.422	0	0.082	0.461
Rv3230c	ptbB	83332.Rv3230c	83332.Rv0153c	0.043	0	0	0	0	0.603	0	0.075	0.617
Rv3230c	pks4	83332.Rv3230c	83332.Rv1181	0.046	0	0	0	0.071	0.306	0	0.164	0.417
Rv3230c	pks5	83332.Rv3230c	83332.Rv1527c	0.071	0	0	0	0.101	0.703	0	0.317	0.808
Rv3230c	pks7	83332.Rv3230c	83332.Rv1661	0.046	0	0	0	0.068	0.306	0	0.164	0.415
Rv3230c	pks17	83332.Rv3230c	83332.Rv1663	0.049	0	0	0	0.104	0.703	0	0.153	0.757
Rv3230c	pks12	83332.Rv3230c	83332.Rv2048c	0.071	0	0	0	0.101	0.703	0	0.317	0.808
Rv3230c	qcrB	83332.Rv3230c	83332.Rv2196	0.047	0	0	0	0.046	0.412	0	0.099	0.453
Rv3230c	mbtE	83332.Rv3230c	83332.Rv2380c	0	0	0	0	0.068	0.306	0	0.162	0.411
Rv3230c	ppiB	83332.Rv3230c	83332.Rv2582	0.056	0	0	0	0.051	0.422	0	0.082	0.461
Rv3230c	ppsB	83332.Rv3230c	83332.Rv2932	0.071	0	0	0	0.064	0.306	0	0.135	0.408
Rv3230c	ppsC	83332.Rv3230c	83332.Rv2933	0.071	0	0	0	0.099	0.703	0	0.317	0.807
Rv3230c	mas	83332.Rv3230c	83332.Rv2940c	0.071	0	0	0	0.101	0.703	0	0.317	0.808
Rv3230c	nuoA	83332.Rv3230c	83332.Rv3145	0.094	0	0	0	0.047	0.689	0	0.099	0.725
Rv3230c	nuoB	83332.Rv3230c	83332.Rv3146	0.073	0	0	0	0.078	0.689	0	0.077	0.722
Rv3230c	nuoC	83332.Rv3230c	83332.Rv3147	0.071	0	0	0	0.079	0.688	0	0.087	0.723
Rv3230c	nuoD	83332.Rv3230c	83332.Rv3148	0.072	0	0	0	0.112	0.702	0	0.099	0.749
Rv3230c	nuoE	83332.Rv3230c	83332.Rv3149	0.073	0	0	0	0.210	0.450	0	0.134	0.604
Rv3230c	nuoF	83332.Rv3230c	83332.Rv3150	0.073	0	0	0	0.128	0.453	0	0.167	0.582
Rv3230c	nuoG	83332.Rv3230c	83332.Rv3151	0	0	0	0	0.075	0.453	0	0	0.472
Rv3230c	nuoH	83332.Rv3230c	83332.Rv3152	0.071	0	0	0	0.068	0.689	0	0.091	0.722
Rv3230c	nuoI	83332.Rv3230c	83332.Rv3153	0.073	0	0	0	0.177	0.700	0	0.176	0.786
Rv3230c	nuoM	83332.Rv3230c	83332.Rv3157	0.071	0	0	0	0.046	0.707	0	0.098	0.734
Rv3230c	nuoN	83332.Rv3230c	83332.Rv3158	0.061	0	0	0	0.047	0.689	0	0.099	0.715
Rv3230c	pks13	83332.Rv3230c	83332.Rv3800c	0	0	0	0	0.068	0.306	0	0.159	0.409
Rv3230c	fdxB	83332.Rv3230c	83332.Rv3554	0.227	0	0.231	0.623	0.064	0	0	0.318	0.569
Rv3230c	pks2	83332.Rv3230c	83332.Rv3825c	0.071	0	0	0	0.104	0.703	0	0.317	0.808
Rv3272	fadE16	83332.Rv3272	83332.Rv1679	0.071	0	0	0	0.278	0	0.293	0.075	0.503
Rv3272	Rv3273	83332.Rv3272	83332.Rv3273	0.810	0	0	0	0.090	0	0	0	0.820
Rv3273	ptbB	83332.Rv3273	83332.Rv0153c	0.074	0	0	0	0.053	0.749	0	0	0.760
Rv3273	pks4	83332.Rv3273	83332.Rv1181	0.070	0	0	0	0.071	0.367	0	0.088	0.434
Rv3273	canA	83332.Rv3273	83332.Rv1284	0.072	0	0	0	0.145	0	0.900	0.675	0.970
Rv3273	pks5	83332.Rv3273	83332.Rv1527c	0.090	0	0	0	0.069	0.772	0	0.159	0.816
Rv3273	pks7	83332.Rv3273	83332.Rv1661	0.070	0	0	0	0.075	0.367	0	0.088	0.437
Rv3273	pks17	83332.Rv3273	83332.Rv1663	0.069	0	0	0	0.060	0.772	0	0.096	0.795
Rv3273	pks12	83332.Rv3273	83332.Rv2048c	0.090	0	0.174	0	0.077	0.772	0	0.159	0.842
Rv3273	qcrB	83332.Rv3273	83332.Rv2196	0.043	0	0	0	0.096	0.774	0	0.097	0.799
Rv3273	mbtE	83332.Rv3273	83332.Rv2380c	0.093	0	0	0	0	0.367	0	0.081	0.426
Rv3273	ppsB	83332.Rv3273	83332.Rv2932	0.072	0	0	0	0.062	0.367	0	0.049	0.405
Rv3273	ppsC	83332.Rv3273	83332.Rv2933	0.090	0	0	0	0.069	0.772	0	0.159	0.816
Rv3273	mas	83332.Rv3273	83332.Rv2940c	0.090	0	0	0	0.074	0.772	0	0.159	0.816
Rv3273	nuoM	83332.Rv3273	83332.Rv3157	0.093	0	0	0	0.134	0.648	0	0.267	0.770
Rv3273	pks13	83332.Rv3273	83332.Rv3800c	0.069	0	0	0	0.075	0.367	0	0.134	0.465
Rv3273	pks2	83332.Rv3273	83332.Rv3825c	0.090	0	0	0	0.074	0.772	0	0.159	0.816
Rv3273	canB	83332.Rv3273	83332.Rv3588c	0.072	0	0.082	0.636	0.153	0	0.900	0.623	0.967
Rv3337	pks4	83332.Rv3337	83332.Rv1181	0.074	0	0	0	0.063	0.391	0	0.083	0.451
Rv3337	pks5	83332.Rv3337	83332.Rv1527c	0.110	0	0	0	0.074	0.441	0	0.095	0.527
Rv3337	pks7	83332.Rv3337	83332.Rv1661	0.074	0	0	0	0.061	0.391	0	0.083	0.449
Rv3337	pks17	83332.Rv3337	83332.Rv1663	0.071	0	0	0	0.058	0.380	0	0.076	0.431
Rv3337	pks12	83332.Rv3337	83332.Rv2048c	0.110	0	0	0	0.077	0.441	0	0.095	0.529
Rv3337	ppsC	83332.Rv3337	83332.Rv2933	0.110	0	0	0	0.074	0.441	0	0.095	0.527
Rv3337	mas	83332.Rv3337	83332.Rv2940c	0.110	0	0	0	0.074	0.441	0	0.095	0.527
Rv3337	pks2	83332.Rv3337	83332.Rv3825c	0.110	0	0	0	0.074	0.441	0	0.095	0.527
Rv3553	pks4	83332.Rv3553	83332.Rv1181	0.146	0	0	0	0.120	0.282	0	0.140	0.473
Rv3553	pks5	83332.Rv3553	83332.Rv1527c	0.162	0	0	0	0.243	0.282	0	0.181	0.577
Rv3553	pks7	83332.Rv3553	83332.Rv1661	0.146	0	0	0	0.124	0.282	0	0.140	0.476
Rv3553	pks17	83332.Rv3553	83332.Rv1663	0.075	0	0	0	0.168	0.282	0	0.096	0.433
Rv3553	pks12	83332.Rv3553	83332.Rv2048c	0.162	0	0	0	0.238	0.282	0	0.181	0.574
Rv3553	fabD	83332.Rv3553	83332.Rv2243	0.115	0	0	0	0.406	0	0	0.093	0.481
Rv3553	kasA	83332.Rv3553	83332.Rv2245	0.073	0	0	0	0.414	0	0	0.089	0.461
Rv3553	kasB	83332.Rv3553	83332.Rv2246	0.073	0	0	0	0.414	0	0	0.089	0.461
Rv3553	ppsA	83332.Rv3553	83332.Rv2931	0.091	0	0	0	0.120	0.282	0	0.098	0.412
Rv3553	ppsB	83332.Rv3553	83332.Rv2932	0.148	0	0	0	0.120	0.282	0	0.132	0.470
Rv3553	ppsC	83332.Rv3553	83332.Rv2933	0.162	0	0	0	0.236	0.282	0	0.181	0.573
Rv3553	mas	83332.Rv3553	83332.Rv2940c	0.162	0	0	0	0.234	0.282	0	0.181	0.572
Rv3553	pks13	83332.Rv3553	83332.Rv3800c	0.141	0	0	0	0.145	0.282	0	0.266	0.561
Rv3553	pks2	83332.Rv3553	83332.Rv3825c	0.162	0	0	0	0.234	0.282	0	0.181	0.572
Rv3553	fdxB	83332.Rv3553	83332.Rv3554	0.778	0	0	0	0.047	0	0	0.116	0.798
acpA	ppiA	83332.Rv0033	83332.Rv0009	0.044	0	0	0	0.095	0.399	0	0	0.434
acpA	ctaE	83332.Rv0033	83332.Rv2193	0	0	0	0	0	0.412	0	0	0.412
acpA	pks13	83332.Rv0033	83332.Rv3800c	0.093	0	0	0	0.333	0	0	0.117	0.419
acpA	relA	83332.Rv0033	83332.Rv2583c	0	0	0	0	0.042	0.405	0	0.077	0.427
acpA	ctaD	83332.Rv0033	83332.Rv3043c	0	0	0	0	0.054	0.421	0	0	0.429
acpA	ppiB	83332.Rv0033	83332.Rv2582	0.044	0	0	0	0.098	0.399	0	0	0.436
acpA	fdxB	83332.Rv0033	83332.Rv3554	0.046	0	0	0	0.206	0.306	0	0.098	0.462
acpA	qcrB	83332.Rv0033	83332.Rv2196	0	0	0	0	0.056	0.442	0	0.075	0.470
acpA	acpS	83332.Rv0033	83332.Rv2523c	0.071	0	0	0	0.053	0.449	0	0.088	0.499
acpA	mbtH	83332.Rv0033	83332.Rv2377c	0.071	0	0	0	0.189	0.410	0	0.087	0.539
acpA	pepR	83332.Rv0033	83332.Rv2782c	0.043	0	0	0	0.172	0.447	0	0.081	0.543
acpA	papA4	83332.Rv0033	83332.Rv1528c	0.057	0	0	0	0.410	0.245	0	0.075	0.559
acpA	mbtF	83332.Rv0033	83332.Rv2379c	0.058	0	0	0	0.413	0.260	0	0.075	0.570
acpA	mbtE	83332.Rv0033	83332.Rv2380c	0.058	0	0	0	0.413	0.260	0	0.075	0.571
acpA	papA3	83332.Rv0033	83332.Rv1182	0.058	0	0	0	0.415	0.260	0	0.075	0.572
acpA	papA2	83332.Rv0033	83332.Rv3820c	0.058	0	0	0	0.415	0.260	0	0.075	0.572
acpA	inhA	83332.Rv0033	83332.Rv1484	0.071	0	0	0	0.271	0.403	0	0.088	0.582
acpA	kasB	83332.Rv0033	83332.Rv2246	0.065	0	0	0	0.323	0.408	0	0.078	0.608
acpA	nrp	83332.Rv0033	83332.Rv0101	0.093	0	0	0	0.476	0.260	0	0.099	0.641
acpA	lipB	83332.Rv0033	83332.Rv2217	0.054	0	0	0	0	0.154	0.574	0.087	0.647
acpA	papA1	83332.Rv0033	83332.Rv3824c	0.058	0	0	0	0.415	0.260	0	0.238	0.648
acpA	phyA	83332.Rv0033	83332.Rv3397c	0	0	0	0	0.058	0	0.554	0.246	0.655
acpA	gcvH	83332.Rv0033	83332.Rv1826	0	0	0	0	0.104	0.134	0.574	0.082	0.656
acpA	kasA	83332.Rv0033	83332.Rv2245	0.065	0	0	0	0.322	0.408	0	0.239	0.676
acpA	nuoF	83332.Rv0033	83332.Rv3150	0	0	0	0	0.159	0.449	0.446	0.081	0.732
acpA	nuoG	83332.Rv0033	83332.Rv3151	0	0	0	0	0.176	0.449	0.446	0.083	0.738
acpA	nuoH	83332.Rv0033	83332.Rv3152	0.044	0	0	0	0.047	0.449	0.561	0	0.750
acpA	nuoM	83332.Rv0033	83332.Rv3157	0	0	0	0	0.067	0.449	0.561	0	0.754
acpA	nuoN	83332.Rv0033	83332.Rv3158	0	0	0	0	0.055	0.449	0.556	0.076	0.758
acpA	nuoA	83332.Rv0033	83332.Rv3145	0	0	0	0	0.089	0.449	0.561	0	0.760
acpA	nuoD	83332.Rv0033	83332.Rv3148	0	0	0	0	0.173	0.449	0.564	0.084	0.793
acpA	mbtB	83332.Rv0033	83332.Rv2383c	0.158	0	0	0	0.661	0.260	0	0.268	0.825
acpA	nuoE	83332.Rv0033	83332.Rv3149	0.046	0	0	0	0.413	0.449	0.518	0.068	0.836
acpA	nuoB	83332.Rv0033	83332.Rv3146	0	0	0	0	0.405	0.449	0.564	0.083	0.851
acpA	nuoI	83332.Rv0033	83332.Rv3153	0.043	0	0	0	0.400	0.449	0.564	0.086	0.851
acpA	nuoC	83332.Rv0033	83332.Rv3147	0	0	0	0	0.427	0.449	0.564	0.078	0.856
acpA	fabD	83332.Rv0033	83332.Rv2243	0.069	0	0	0	0.407	0.422	0.549	0.350	0.889
acpS	pks4	83332.Rv2523c	83332.Rv1181	0.093	0	0	0	0.073	0.449	0	0.138	0.547
acpS	pks5	83332.Rv2523c	83332.Rv1527c	0.155	0	0	0	0.076	0.449	0	0.269	0.643
acpS	papA4	83332.Rv2523c	83332.Rv1528c	0.071	0	0	0	0.047	0	0	0.404	0.426
acpS	pks7	83332.Rv2523c	83332.Rv1661	0.093	0	0	0	0.072	0.449	0	0.138	0.547
acpS	pks17	83332.Rv2523c	83332.Rv1663	0.106	0	0	0	0.055	0.449	0	0.145	0.549
acpS	pks12	83332.Rv2523c	83332.Rv2048c	0.155	0	0	0	0.096	0.449	0	0.269	0.651
acpS	fabD	83332.Rv2523c	83332.Rv2243	0.093	0	0	0	0.063	0	0	0.656	0.682
acpS	kasA	83332.Rv2523c	83332.Rv2245	0.106	0	0	0	0.047	0	0	0.457	0.497
acpS	kasB	83332.Rv2523c	83332.Rv2246	0.106	0	0	0	0.050	0	0	0.487	0.526
acpS	mbtE	83332.Rv2523c	83332.Rv2380c	0.123	0	0	0	0.058	0.449	0	0.174	0.574
acpS	ppsA	83332.Rv2523c	83332.Rv2931	0.073	0	0	0	0.091	0.449	0	0.138	0.546
acpS	ppsB	83332.Rv2523c	83332.Rv2932	0.094	0	0	0	0.089	0.449	0	0.144	0.558
acpS	pks2	83332.Rv2523c	83332.Rv3825c	0.155	0	0	0	0.072	0.449	0	0.269	0.642
acpS	ppsC	83332.Rv2523c	83332.Rv2933	0.155	0	0	0	0.081	0.449	0	0.269	0.645
acpS	mas	83332.Rv2523c	83332.Rv2940c	0.155	0	0	0	0.116	0.449	0	0.269	0.659
acpS	pks13	83332.Rv2523c	83332.Rv3800c	0.103	0	0	0	0.081	0.449	0	0.490	0.737
acrA1	pks3	83332.Rv3391	83332.Rv1180	0.074	0	0	0	0.364	0.134	0	0.094	0.476
acrA1	pks4	83332.Rv3391	83332.Rv1181	0.291	0	0	0	0.429	0.134	0	0.389	0.757
acrA1	pks5	83332.Rv3391	83332.Rv1527c	0.544	0	0	0	0.425	0.152	0	0.516	0.878
acrA1	pks7	83332.Rv3391	83332.Rv1661	0.291	0	0	0	0.426	0.134	0	0.389	0.756
acrA1	pks8	83332.Rv3391	83332.Rv1662	0.150	0	0	0	0.362	0.134	0	0.179	0.562
acrA1	pks17	83332.Rv3391	83332.Rv1663	0.150	0	0	0	0.177	0.145	0	0.178	0.442
acrA1	pks9	83332.Rv3391	83332.Rv1664	0.074	0	0	0	0.364	0.134	0	0.094	0.476
acrA1	pks12	83332.Rv3391	83332.Rv2048c	0.544	0	0	0	0.425	0.152	0	0.516	0.878
acrA1	mbtE	83332.Rv3391	83332.Rv2380c	0.166	0	0	0	0.332	0	0	0.275	0.561
acrA1	mbtD	83332.Rv3391	83332.Rv2381c	0.074	0	0	0	0.362	0.134	0	0.094	0.474
acrA1	mbtC	83332.Rv3391	83332.Rv2382c	0.074	0	0	0	0.362	0.134	0	0.094	0.474
acrA1	mbtB	83332.Rv3391	83332.Rv2383c	0.544	0	0	0	0.758	0	0	0.590	0.950
acrA1	tesA	83332.Rv3391	83332.Rv2928	0.122	0	0	0	0.314	0	0	0.162	0.451
acrA1	ppsA	83332.Rv3391	83332.Rv2931	0.162	0	0	0	0.426	0.134	0	0.266	0.653
acrA1	ppsB	83332.Rv3391	83332.Rv2932	0.227	0	0	0	0.423	0.134	0	0.320	0.702
acrA1	ppsC	83332.Rv3391	83332.Rv2933	0.544	0	0	0	0.425	0.152	0	0.516	0.878
acrA1	ppsD	83332.Rv3391	83332.Rv2934	0.074	0	0	0	0.360	0.134	0	0.094	0.472
acrA1	ppsE	83332.Rv3391	83332.Rv2935	0.074	0	0	0	0.360	0.134	0	0.094	0.473
acrA1	mas	83332.Rv3391	83332.Rv2940c	0.544	0	0	0	0.425	0.152	0	0.516	0.878
acrA1	pks15	83332.Rv3391	83332.Rv2947c	0.074	0	0	0	0.360	0.134	0	0.094	0.472
acrA1	pks2	83332.Rv3391	83332.Rv3825c	0.544	0	0	0	0.436	0.152	0	0.516	0.880
acrA1	pks13	83332.Rv3391	83332.Rv3800c	0.544	0	0	0	0.837	0.134	0	0.413	0.957
aofH	trcS	83332.Rv3170	83332.Rv1032c	0	0	0	0	0.498	0	0	0.079	0.518
aofH	pks10	83332.Rv3170	83332.Rv1660	0	0	0	0	0.053	0.506	0	0.077	0.530
aofH	pks11	83332.Rv3170	83332.Rv1665	0	0	0	0	0	0.506	0	0.077	0.524
aofH	pks12	83332.Rv3170	83332.Rv2048c	0.094	0	0	0	0.063	0	0	0.474	0.515
aofH	phyA	83332.Rv3170	83332.Rv3397c	0	0	0	0	0.474	0	0	0.266	0.597
atsA	lprD	83332.Rv0711	83332.Rv1343c	0	0	0	0	0.401	0	0	0	0.401
atsA	pks17	83332.Rv0711	83332.Rv1663	0.061	0	0	0	0.404	0.162	0	0.077	0.509
atsA	pks5	83332.Rv0711	83332.Rv1527c	0.072	0	0	0	0.401	0.162	0	0.099	0.524
atsA	pks12	83332.Rv0711	83332.Rv2048c	0.072	0	0	0	0.402	0.162	0	0.099	0.525
atsA	ppsC	83332.Rv0711	83332.Rv2933	0.072	0	0	0	0.404	0.162	0	0.099	0.526
atsA	mas	83332.Rv0711	83332.Rv2940c	0.072	0	0	0	0.404	0.162	0	0.099	0.527
atsA	pks2	83332.Rv0711	83332.Rv3825c	0.072	0	0	0	0.407	0.162	0	0.099	0.529
atsB	lprD	83332.Rv3299c	83332.Rv1343c	0	0	0	0	0.401	0	0	0	0.401
atsB	pks5	83332.Rv3299c	83332.Rv1527c	0.072	0	0	0	0.404	0.162	0	0.099	0.527
atsB	pks17	83332.Rv3299c	83332.Rv1663	0.061	0	0	0	0.430	0.162	0	0.077	0.531
atsB	pks12	83332.Rv3299c	83332.Rv2048c	0.072	0	0	0	0.404	0.162	0	0.099	0.527
atsB	ppsC	83332.Rv3299c	83332.Rv2933	0.072	0	0	0	0.403	0.162	0	0.099	0.526
atsB	mas	83332.Rv3299c	83332.Rv2940c	0.072	0	0	0	0.404	0.162	0	0.099	0.527
atsB	pks2	83332.Rv3299c	83332.Rv3825c	0.072	0	0	0	0.409	0.162	0	0.099	0.531
atsD	lprD	83332.Rv0663	83332.Rv1343c	0	0	0	0	0.401	0	0	0	0.401
atsD	pks17	83332.Rv0663	83332.Rv1663	0.061	0	0	0	0.409	0.162	0	0.077	0.513
atsD	pks2	83332.Rv0663	83332.Rv3825c	0.072	0	0	0	0.401	0.162	0	0.099	0.524
atsD	pks12	83332.Rv0663	83332.Rv2048c	0.072	0	0	0	0.402	0.162	0	0.099	0.525
atsD	pks5	83332.Rv0663	83332.Rv1527c	0.072	0	0	0	0.404	0.162	0	0.099	0.527
atsD	ppsC	83332.Rv0663	83332.Rv2933	0.072	0	0	0	0.406	0.162	0	0.099	0.528
atsD	mas	83332.Rv0663	83332.Rv2940c	0.072	0	0	0	0.409	0.162	0	0.099	0.531
canA	lysS	83332.Rv1284	83332.Rv3598c	0.071	0	0	0	0.046	0	0	0.510	0.527
canA	fadE16	83332.Rv1284	83332.Rv1679	0.043	0	0	0	0.044	0	0	0.534	0.536
canA	canB	83332.Rv1284	83332.Rv3588c	0.072	0	0	0	0.046	0	0.900	0.870	0.986
cmaA1	pks13	83332.Rv3392c	83332.Rv3800c	0.108	0	0	0	0	0	0	0.364	0.409
ctaD	pks4	83332.Rv3043c	83332.Rv1181	0.043	0	0	0	0.055	0.421	0	0.125	0.481
ctaD	pks5	83332.Rv3043c	83332.Rv1527c	0.044	0	0	0	0.050	0.421	0	0.177	0.509
ctaD	pks7	83332.Rv3043c	83332.Rv1661	0.043	0	0	0	0.055	0.421	0	0.125	0.481
ctaD	pks17	83332.Rv3043c	83332.Rv1663	0	0	0	0	0.053	0.421	0	0.088	0.456
ctaD	pks12	83332.Rv3043c	83332.Rv2048c	0.044	0	0	0	0.052	0.421	0	0.177	0.510
ctaD	ctaE	83332.Rv3043c	83332.Rv2193	0.158	0.283	0.774	0	0.875	0.999	0.983	0.963	0.999
ctaD	qcrB	83332.Rv3043c	83332.Rv2196	0.157	0	0.604	0	0.857	0.999	0	0.761	0.999
ctaD	mbtE	83332.Rv3043c	83332.Rv2380c	0	0	0	0	0.050	0.421	0	0.098	0.460
ctaD	pepR	83332.Rv3043c	83332.Rv2782c	0.072	0	0	0	0.046	0.917	0	0.156	0.929
ctaD	ppsA	83332.Rv3043c	83332.Rv2931	0	0	0	0	0.052	0.421	0	0.126	0.478
ctaD	ppsB	83332.Rv3043c	83332.Rv2932	0	0	0	0	0.050	0.421	0	0.126	0.477
ctaD	ppsC	83332.Rv3043c	83332.Rv2933	0.044	0	0	0	0.050	0.421	0	0.177	0.509
ctaD	mas	83332.Rv3043c	83332.Rv2940c	0.044	0	0	0	0.053	0.421	0	0.177	0.511
ctaD	pks13	83332.Rv3043c	83332.Rv3800c	0.043	0	0	0	0.057	0.421	0	0.076	0.453
ctaD	pks2	83332.Rv3043c	83332.Rv3825c	0.044	0	0	0	0.054	0.421	0	0.177	0.511
ctaD	nuoI	83332.Rv3043c	83332.Rv3153	0.043	0	0	0	0.146	0.794	0	0.139	0.835
ctaD	nuoG	83332.Rv3043c	83332.Rv3151	0	0	0	0	0.166	0.794	0	0.251	0.860
ctaD	nuoF	83332.Rv3043c	83332.Rv3150	0	0	0	0	0.276	0.794	0	0.213	0.872
ctaD	nuoE	83332.Rv3043c	83332.Rv3149	0	0	0	0	0.301	0.794	0	0.256	0.883
ctaD	nuoA	83332.Rv3043c	83332.Rv3145	0	0	0	0	0.421	0.794	0	0.266	0.904
ctaD	nuoD	83332.Rv3043c	83332.Rv3148	0	0	0	0	0.427	0.794	0	0.263	0.905
ctaD	nuoC	83332.Rv3043c	83332.Rv3147	0	0	0	0	0.453	0.794	0	0.225	0.905
ctaD	nuoN	83332.Rv3043c	83332.Rv3158	0	0	0	0	0.671	0.775	0	0.333	0.946
ctaD	nuoH	83332.Rv3043c	83332.Rv3152	0	0	0.215	0	0.804	0.794	0	0.266	0.973
ctaD	nuoB	83332.Rv3043c	83332.Rv3146	0	0	0	0	0.230	0.791	0	0.855	0.974
ctaD	nuoM	83332.Rv3043c	83332.Rv3157	0	0	0.225	0	0.858	0.794	0	0.266	0.981
ctaE	pks4	83332.Rv2193	83332.Rv1181	0.049	0	0	0	0	0.412	0	0.098	0.451
ctaE	pks5	83332.Rv2193	83332.Rv1527c	0.057	0	0	0	0.049	0.412	0	0.146	0.489
ctaE	pks7	83332.Rv2193	83332.Rv1661	0.049	0	0	0	0.047	0.412	0	0.098	0.454
ctaE	pks17	83332.Rv2193	83332.Rv1663	0	0	0	0	0.052	0.412	0	0.083	0.444
ctaE	pks12	83332.Rv2193	83332.Rv2048c	0.057	0	0	0	0.053	0.412	0	0.146	0.492
ctaE	mbtE	83332.Rv2193	83332.Rv2380c	0	0	0	0	0.044	0.412	0	0.046	0.416
ctaE	ppsB	83332.Rv2193	83332.Rv2932	0	0	0	0	0.042	0.412	0	0.076	0.434
ctaE	ppsA	83332.Rv2193	83332.Rv2931	0	0	0	0	0.045	0.412	0	0.076	0.435
ctaE	pks13	83332.Rv2193	83332.Rv3800c	0	0	0	0	0.050	0.412	0	0.082	0.442
ctaE	pks2	83332.Rv2193	83332.Rv3825c	0.057	0	0	0	0.049	0.412	0	0.146	0.489
ctaE	ppsC	83332.Rv2193	83332.Rv2933	0.057	0	0	0	0.052	0.412	0	0.146	0.491
ctaE	mas	83332.Rv2193	83332.Rv2940c	0.057	0	0	0	0.052	0.412	0	0.146	0.491
ctaE	nuoF	83332.Rv2193	83332.Rv3150	0	0	0	0	0.172	0.794	0	0.177	0.847
ctaE	nuoB	83332.Rv2193	83332.Rv3146	0	0	0	0	0.252	0.791	0	0.120	0.850
ctaE	nuoC	83332.Rv2193	83332.Rv3147	0	0	0	0	0.228	0.794	0	0.168	0.856
ctaE	nuoD	83332.Rv2193	83332.Rv3148	0	0	0	0	0.268	0.794	0	0.179	0.865
ctaE	nuoE	83332.Rv2193	83332.Rv3149	0	0	0	0	0.174	0.794	0	0.296	0.869
ctaE	nuoG	83332.Rv2193	83332.Rv3151	0	0	0	0	0.308	0.794	0	0.237	0.881
ctaE	nuoI	83332.Rv2193	83332.Rv3153	0	0	0	0	0.211	0.794	0	0.421	0.897
ctaE	pepR	83332.Rv2193	83332.Rv2782c	0.114	0	0	0	0.047	0.915	0	0.093	0.926
ctaE	nuoN	83332.Rv2193	83332.Rv3158	0	0	0.152	0	0.684	0.775	0	0.266	0.949
ctaE	nuoA	83332.Rv2193	83332.Rv3145	0	0	0	0	0.617	0.794	0	0.517	0.958
ctaE	nuoH	83332.Rv2193	83332.Rv3152	0	0	0.228	0	0.858	0.794	0	0.283	0.981
ctaE	nuoM	83332.Rv2193	83332.Rv3157	0	0	0.254	0	0.859	0.794	0	0.451	0.986
ctaE	qcrB	83332.Rv2193	83332.Rv2196	0.821	0	0.699	0	0.957	0.999	0	0.830	0.999
dfrA	purH	83332.Rv2763c	83332.Rv0957	0.081	0	0	0	0.045	0	0.900	0.217	0.922
dfrA	inhA	83332.Rv2763c	83332.Rv1484	0	0	0	0	0.044	0	0	0.422	0.424
dfrA	pks5	83332.Rv2763c	83332.Rv1527c	0.072	0	0	0	0.179	0	0	0.317	0.434
dfrA	pks12	83332.Rv2763c	83332.Rv2048c	0.072	0	0	0	0.182	0	0	0.317	0.436
dfrA	ppsC	83332.Rv2763c	83332.Rv2933	0.072	0	0	0	0.175	0	0	0.317	0.431
dfrA	mas	83332.Rv2763c	83332.Rv2940c	0.072	0	0	0	0.177	0	0	0.317	0.433
dfrA	pks2	83332.Rv2763c	83332.Rv3825c	0.072	0	0	0	0.180	0	0	0.317	0.434
fabD	pks3	83332.Rv2243	83332.Rv1180	0.068	0.017	0.222	0	0.269	0.212	0	0.079	0.545
fabD	pks4	83332.Rv2243	83332.Rv1181	0.141	0	0	0	0.601	0.787	0.549	0.269	0.971
fabD	inhA	83332.Rv2243	83332.Rv1484	0.124	0	0.422	0	0.707	0	0	0.890	0.981
fabD	pks5	83332.Rv2243	83332.Rv1527c	0.163	0	0	0	0.753	0.960	0.549	0.321	0.997
fabD	pks7	83332.Rv2243	83332.Rv1661	0.141	0	0	0	0.602	0.787	0.549	0.269	0.971
fabD	pks8	83332.Rv2243	83332.Rv1662	0.072	0	0	0.636	0.268	0.212	0	0.134	0.474
fabD	pks17	83332.Rv2243	83332.Rv1663	0.093	0	0	0	0.645	0.787	0.549	0.125	0.968
fabD	pks9	83332.Rv2243	83332.Rv1664	0.068	0	0.083	0.614	0.268	0.212	0	0.079	0.463
fabD	pks12	83332.Rv2243	83332.Rv2048c	0.163	0	0	0.618	0.751	0.960	0.549	0.321	0.996
fabD	tesA	83332.Rv2243	83332.Rv2928	0.073	0	0	0	0.251	0	0	0.218	0.410
fabD	mbtD	83332.Rv2243	83332.Rv2381c	0.068	0	0	0	0.270	0.212	0	0.079	0.440
fabD	ppsD	83332.Rv2243	83332.Rv2934	0.068	0	0	0	0.270	0.212	0	0.079	0.440
fabD	ppsE	83332.Rv2243	83332.Rv2935	0.068	0	0	0	0.271	0.212	0	0.079	0.440
fabD	pks15	83332.Rv2243	83332.Rv2947c	0.068	0.023	0.183	0	0.272	0.212	0	0.079	0.524
fabD	mbtC	83332.Rv2243	83332.Rv2382c	0.068	0.016	0.239	0	0.271	0.212	0	0.312	0.668
fabD	mbtB	83332.Rv2243	83332.Rv2383c	0.301	0	0	0	0.422	0	0	0.407	0.739
fabD	mbtE	83332.Rv2243	83332.Rv2380c	0.109	0	0	0	0.420	0.422	0.549	0.153	0.865
fabD	ppsA	83332.Rv2243	83332.Rv2931	0.094	0	0	0	0.604	0.787	0.549	0.132	0.964
fabD	ppsB	83332.Rv2243	83332.Rv2932	0.144	0	0	0	0.670	0.787	0.549	0.266	0.976
fabD	pks13	83332.Rv2243	83332.Rv3800c	0.214	0	0.152	0	0.676	0.787	0.549	0.523	0.987
fabD	mas	83332.Rv2243	83332.Rv2940c	0.163	0	0	0	0.751	0.960	0.549	0.321	0.996
fabD	pks2	83332.Rv2243	83332.Rv3825c	0.163	0	0	0	0.750	0.960	0.549	0.321	0.996
fabD	ppsC	83332.Rv2243	83332.Rv2933	0.163	0	0	0	0.750	0.960	0.549	0.321	0.996
fabD	kasA	83332.Rv2243	83332.Rv2245	0.787	0.001	0.769	0	0.933	0.141	0	0.947	0.999
fabD	kasB	83332.Rv2243	83332.Rv2246	0.757	0.001	0.769	0	0.940	0.141	0	0.929	0.999
fadD16	ppiA	83332.Rv0852	83332.Rv0009	0	0	0	0	0.063	0.382	0	0.076	0.418
fadD16	ppiB	83332.Rv0852	83332.Rv2582	0	0	0	0	0.065	0.382	0	0.076	0.420
fadD16	pks17	83332.Rv0852	83332.Rv1663	0.071	0	0	0	0.091	0.360	0	0.077	0.434
fadD16	pks15	83332.Rv0852	83332.Rv2947c	0.046	0	0	0	0.116	0.134	0.328	0	0.443
fadD16	mbtD	83332.Rv0852	83332.Rv2381c	0.046	0	0	0	0.116	0.134	0.328	0	0.443
fadD16	ppsD	83332.Rv0852	83332.Rv2934	0.046	0	0	0	0.116	0.134	0.328	0	0.443
fadD16	ppsE	83332.Rv0852	83332.Rv2935	0.046	0	0	0	0.116	0.134	0.328	0	0.443
fadD16	mbtC	83332.Rv0852	83332.Rv2382c	0.046	0	0	0	0.116	0.134	0.328	0	0.443
fadD16	pks9	83332.Rv0852	83332.Rv1664	0.046	0	0	0	0.121	0.134	0.328	0	0.447
fadD16	pks3	83332.Rv0852	83332.Rv1180	0.046	0	0	0	0.125	0.134	0.328	0	0.449
fadD16	mbtB	83332.Rv0852	83332.Rv2383c	0.151	0	0	0	0.207	0.216	0	0.133	0.481
fadD16	pks8	83332.Rv0852	83332.Rv1662	0.071	0	0	0	0.127	0.134	0.328	0.078	0.485
fadD16	mbtE	83332.Rv0852	83332.Rv2380c	0.072	0	0	0	0.220	0.465	0	0.083	0.597
fadD16	ppsA	83332.Rv0852	83332.Rv2931	0.072	0	0	0	0.171	0.313	0.328	0.077	0.612
fadD16	ppsB	83332.Rv0852	83332.Rv2932	0.093	0	0	0	0.171	0.313	0.328	0.094	0.628
fadD16	pks7	83332.Rv0852	83332.Rv1661	0.093	0	0	0	0.178	0.313	0.328	0.094	0.631
fadD16	pks4	83332.Rv0852	83332.Rv1181	0.093	0	0	0	0.179	0.313	0.328	0.094	0.632
fadD16	pks13	83332.Rv0852	83332.Rv3800c	0.119	0	0	0	0.209	0.313	0.328	0.129	0.668
fadD16	pks12	83332.Rv0852	83332.Rv2048c	0.143	0	0	0	0.196	0.388	0.328	0.118	0.704
fadD16	pks5	83332.Rv0852	83332.Rv1527c	0.143	0	0	0	0.196	0.388	0.328	0.118	0.704
fadD16	ppsC	83332.Rv0852	83332.Rv2933	0.143	0	0	0	0.196	0.388	0.328	0.118	0.704
fadD16	mas	83332.Rv0852	83332.Rv2940c	0.143	0	0	0	0.196	0.388	0.328	0.118	0.704
fadD16	pks2	83332.Rv0852	83332.Rv3825c	0.143	0	0	0	0.201	0.388	0.328	0.118	0.706
fadD21	ppiA	83332.Rv1185c	83332.Rv0009	0	0	0	0	0.076	0.382	0	0.076	0.426
fadD21	nrp	83332.Rv1185c	83332.Rv0101	0.073	0.186	0.291	0.605	0.152	0.216	0	0.089	0.601
fadD21	pks3	83332.Rv1185c	83332.Rv1180	0.046	0.472	0.272	0	0.166	0.134	0.328	0.653	0.920
fadD21	pks4	83332.Rv1185c	83332.Rv1181	0.093	0.010	0	0	0.209	0.313	0.328	0.690	0.879
fadD21	papA3	83332.Rv1185c	83332.Rv1182	0.053	0	0	0	0.199	0.216	0	0.594	0.727
fadD21	ppiB	83332.Rv1185c	83332.Rv2582	0	0	0	0	0.066	0.382	0	0.076	0.420
fadD21	papA2	83332.Rv1185c	83332.Rv3820c	0.053	0	0	0	0.157	0.216	0	0.279	0.488
fadD21	mbtD	83332.Rv1185c	83332.Rv2381c	0.046	0	0.189	0	0.116	0.134	0.328	0	0.529
fadD21	tesA	83332.Rv1185c	83332.Rv2928	0.062	0	0.418	0	0.063	0	0	0.254	0.567
fadD21	papA1	83332.Rv1185c	83332.Rv3824c	0.053	0	0	0	0.202	0.216	0	0.363	0.572
fadD21	pks8	83332.Rv1185c	83332.Rv1662	0.071	0.153	0.202	0	0.121	0.134	0.328	0.078	0.619
fadD21	pks17	83332.Rv1185c	83332.Rv1663	0.071	0.292	0.163	0	0.088	0.360	0	0.087	0.639
fadD21	ppsD	83332.Rv1185c	83332.Rv2934	0.046	0.110	0.326	0	0.124	0.134	0.328	0	0.640
fadD21	ppsE	83332.Rv1185c	83332.Rv2935	0.072	0.093	0.317	0	0.125	0.134	0.328	0.202	0.700
fadD21	pks7	83332.Rv1185c	83332.Rv1661	0.093	0.104	0.173	0	0.176	0.313	0.328	0.094	0.702
fadD21	pks12	83332.Rv1185c	83332.Rv2048c	0.143	0.006	0	0	0.201	0.388	0.328	0.118	0.706
fadD21	mbtF	83332.Rv1185c	83332.Rv2379c	0.053	0.499	0.284	0.605	0.152	0.216	0	0.051	0.736
fadD21	mbtB	83332.Rv1185c	83332.Rv2383c	0.151	0.388	0.236	0.606	0.207	0.216	0	0.133	0.736
fadD21	pks9	83332.Rv1185c	83332.Rv1664	0.046	0.427	0.249	0	0.124	0.134	0.328	0	0.742
fadD21	pks13	83332.Rv1185c	83332.Rv3800c	0.119	0.038	0.264	0	0.214	0.313	0.328	0.129	0.747
fadD21	mbtC	83332.Rv1185c	83332.Rv2382c	0.046	0.476	0.218	0	0.116	0.134	0.328	0.075	0.760
fadD21	ppsC	83332.Rv1185c	83332.Rv2933	0.143	0.051	0.229	0	0.201	0.388	0.328	0.118	0.766
fadD21	ppsA	83332.Rv1185c	83332.Rv2931	0.072	0.079	0.309	0	0.196	0.313	0.328	0.174	0.767
fadD21	pks5	83332.Rv1185c	83332.Rv1527c	0.143	0.070	0.222	0	0.196	0.388	0.328	0.128	0.770
fadD21	ppsB	83332.Rv1185c	83332.Rv2932	0.093	0.207	0.304	0	0.180	0.313	0.328	0.094	0.779
fadD21	mas	83332.Rv1185c	83332.Rv2940c	0.143	0.040	0.226	0	0.207	0.388	0.328	0.220	0.792
fadD21	pks15	83332.Rv1185c	83332.Rv2947c	0.046	0.598	0.249	0	0.137	0.134	0.328	0	0.821
fadD21	pks2	83332.Rv1185c	83332.Rv3825c	0.143	0.060	0.225	0	0.236	0.388	0.328	0.556	0.888
fadD21	mbtE	83332.Rv1185c	83332.Rv2380c	0.072	0.718	0.296	0.605	0.222	0.465	0	0.083	0.913
fadD23	ppiA	83332.Rv3826	83332.Rv0009	0	0	0	0	0.071	0.382	0	0.076	0.423
fadD23	nrp	83332.Rv3826	83332.Rv0101	0.073	0.169	0.670	0	0.152	0.216	0	0.089	0.810
fadD23	pks3	83332.Rv3826	83332.Rv1180	0.046	0.418	0.258	0	0.135	0.134	0.328	0.166	0.778
fadD23	pks4	83332.Rv3826	83332.Rv1181	0.093	0.007	0	0	0.183	0.313	0.328	0.243	0.694
fadD23	papA3	83332.Rv3826	83332.Rv1182	0.053	0	0	0	0.174	0.216	0	0.276	0.497
fadD23	pks5	83332.Rv3826	83332.Rv1527c	0.143	0.064	0.214	0	0.198	0.388	0.328	0.128	0.767
fadD23	pks7	83332.Rv3826	83332.Rv1661	0.093	0.098	0.164	0	0.173	0.313	0.328	0.094	0.696
fadD23	pks8	83332.Rv3826	83332.Rv1662	0.071	0.152	0.191	0	0.119	0.134	0.328	0.078	0.613
fadD23	pks17	83332.Rv3826	83332.Rv1663	0.071	0.259	0.153	0	0.087	0.360	0	0.087	0.617
fadD23	pks9	83332.Rv3826	83332.Rv1664	0.046	0.337	0.233	0	0.121	0.134	0.328	0	0.694
fadD23	pks12	83332.Rv3826	83332.Rv2048c	0.143	0.009	0	0	0.201	0.388	0.328	0.118	0.706
fadD23	mbtF	83332.Rv3826	83332.Rv2379c	0.053	0.357	0.657	0	0.152	0.216	0	0.051	0.837
fadD23	mbtE	83332.Rv3826	83332.Rv2380c	0.072	0.631	0.690	0	0.222	0.465	0	0.083	0.950
fadD23	mbtD	83332.Rv3826	83332.Rv2381c	0.046	0	0.192	0	0.116	0.134	0.328	0	0.531
fadD23	mbtC	83332.Rv3826	83332.Rv2382c	0.046	0.438	0.208	0	0.116	0.134	0.328	0.075	0.740
fadD23	mbtB	83332.Rv3826	83332.Rv2383c	0.151	0.451	0.238	0.606	0.207	0.216	0	0.133	0.764
fadD23	ppiB	83332.Rv3826	83332.Rv2582	0	0	0	0	0.066	0.382	0	0.076	0.420
fadD23	tesA	83332.Rv3826	83332.Rv2928	0.062	0	0.402	0	0.069	0	0	0.295	0.583
fadD23	ppsA	83332.Rv3826	83332.Rv2931	0.072	0.067	0.307	0	0.173	0.313	0.328	0.313	0.798
fadD23	ppsB	83332.Rv3826	83332.Rv2932	0.093	0.147	0.300	0	0.175	0.313	0.328	0.094	0.760
fadD23	ppsC	83332.Rv3826	83332.Rv2933	0.143	0.045	0.225	0	0.196	0.388	0.328	0.118	0.762
fadD23	ppsD	83332.Rv3826	83332.Rv2934	0.046	0.082	0.325	0	0.117	0.134	0.328	0	0.626
fadD23	ppsE	83332.Rv3826	83332.Rv2935	0.072	0.085	0.312	0	0.117	0.134	0.328	0.238	0.706
fadD23	mas	83332.Rv3826	83332.Rv2940c	0.143	0.035	0.218	0	0.200	0.388	0.328	0.257	0.798
fadD23	pks15	83332.Rv3826	83332.Rv2947c	0.046	0.532	0.235	0	0.126	0.134	0.328	0	0.786
fadD23	pks13	83332.Rv3826	83332.Rv3800c	0.119	0.028	0.246	0	0.209	0.313	0.328	0.129	0.739
fadD23	papA2	83332.Rv3826	83332.Rv3820c	0.053	0	0	0	0.160	0.216	0	0.559	0.688
fadD23	papA1	83332.Rv3826	83332.Rv3824c	0.410	0	0	0	0.211	0.216	0	0.754	0.898
fadD23	pks2	83332.Rv3826	83332.Rv3825c	0.543	0.056	0.217	0	0.217	0.388	0.328	0.590	0.942
fadD24	ppiA	83332.Rv1529	83332.Rv0009	0	0	0	0	0.063	0.382	0	0.076	0.418
fadD24	nrp	83332.Rv1529	83332.Rv0101	0.073	0.172	0.664	0	0.152	0.216	0	0.089	0.807
fadD24	pks3	83332.Rv1529	83332.Rv1180	0.046	0.520	0.278	0	0.116	0.134	0.328	0	0.790
fadD24	pks4	83332.Rv1529	83332.Rv1181	0.093	0.008	0	0	0.171	0.313	0.328	0.128	0.642
fadD24	pks5	83332.Rv1529	83332.Rv1527c	0.143	0.062	0.219	0	0.202	0.388	0.328	0.385	0.837
fadD24	papA4	83332.Rv1529	83332.Rv1528c	0.568	0	0	0	0.157	0.201	0	0.078	0.696
fadD24	ppiB	83332.Rv1529	83332.Rv2582	0	0	0	0	0.067	0.382	0	0.076	0.421
fadD24	tesA	83332.Rv1529	83332.Rv2928	0.062	0	0.416	0	0.068	0	0	0.098	0.478
fadD24	mbtD	83332.Rv1529	83332.Rv2381c	0.046	0	0.199	0	0.116	0.134	0.328	0	0.535
fadD24	mbtB	83332.Rv1529	83332.Rv2383c	0.151	0	0.239	0.607	0.207	0.216	0	0.133	0.588
fadD24	pks8	83332.Rv1529	83332.Rv1662	0.071	0.141	0.198	0	0.118	0.134	0.328	0.078	0.611
fadD24	pks17	83332.Rv1529	83332.Rv1663	0.071	0.266	0.159	0	0.088	0.360	0	0.087	0.623
fadD24	ppsD	83332.Rv1529	83332.Rv2934	0.046	0.091	0.342	0	0.116	0.134	0.328	0	0.638
fadD24	ppsE	83332.Rv1529	83332.Rv2935	0.072	0.087	0.330	0	0.116	0.134	0.328	0.082	0.655
fadD24	pks7	83332.Rv1529	83332.Rv1661	0.093	0.091	0.169	0	0.174	0.313	0.328	0.094	0.696
fadD24	pks12	83332.Rv1529	83332.Rv2048c	0.143	0.006	0	0	0.196	0.388	0.328	0.118	0.704
fadD24	pks9	83332.Rv1529	83332.Rv1664	0.046	0.399	0.246	0	0.121	0.134	0.328	0	0.727
fadD24	ppsA	83332.Rv1529	83332.Rv2931	0.072	0.072	0.325	0	0.173	0.313	0.328	0.077	0.737
fadD24	pks13	83332.Rv1529	83332.Rv3800c	0.119	0.033	0.261	0	0.209	0.313	0.328	0.129	0.744
fadD24	mas	83332.Rv1529	83332.Rv2940c	0.143	0.037	0.224	0	0.196	0.388	0.328	0.128	0.763
fadD24	pks2	83332.Rv1529	83332.Rv3825c	0.143	0.055	0.223	0	0.196	0.388	0.328	0.128	0.766
fadD24	ppsC	83332.Rv1529	83332.Rv2933	0.143	0.046	0.236	0	0.196	0.388	0.328	0.118	0.766
fadD24	ppsB	83332.Rv1529	83332.Rv2932	0.093	0.165	0.320	0	0.171	0.313	0.328	0.094	0.770
fadD24	mbtC	83332.Rv1529	83332.Rv2382c	0.046	0.557	0.224	0	0.116	0.134	0.328	0.075	0.799
fadD24	pks15	83332.Rv1529	83332.Rv2947c	0.046	0.579	0.252	0	0.116	0.134	0.328	0	0.809
fadD24	mbtF	83332.Rv1529	83332.Rv2379c	0.053	0.506	0.651	0	0.152	0.216	0	0.051	0.873
fadD24	mbtE	83332.Rv1529	83332.Rv2380c	0.072	0.697	0.687	0	0.220	0.465	0	0.083	0.958
fadD25	ppiA	83332.Rv1521	83332.Rv0009	0	0	0	0	0.076	0.382	0	0.076	0.426
fadD25	nrp	83332.Rv1521	83332.Rv0101	0.073	0.173	0.662	0	0.152	0.216	0	0.089	0.806
fadD25	pks3	83332.Rv1521	83332.Rv1180	0.046	0.454	0.275	0	0.121	0.134	0.328	0	0.761
fadD25	pks4	83332.Rv1521	83332.Rv1181	0.093	0.013	0	0	0.173	0.313	0.328	0.128	0.643
fadD25	ppiB	83332.Rv1521	83332.Rv2582	0	0	0	0	0.068	0.382	0	0.076	0.421
fadD25	tesA	83332.Rv1521	83332.Rv2928	0.062	0	0.419	0	0.068	0	0	0.098	0.481
fadD25	mbtD	83332.Rv1521	83332.Rv2381c	0.046	0	0.198	0	0.116	0.134	0.328	0	0.534
fadD25	pks17	83332.Rv1521	83332.Rv1663	0.071	0.264	0.156	0	0.087	0.360	0	0.087	0.620
fadD25	pks8	83332.Rv1521	83332.Rv1662	0.071	0.167	0.201	0	0.121	0.134	0.328	0.078	0.625
fadD25	ppsD	83332.Rv1521	83332.Rv2934	0.046	0.092	0.335	0	0.118	0.134	0.328	0	0.636
fadD25	ppsE	83332.Rv1521	83332.Rv2935	0.072	0.091	0.318	0	0.120	0.134	0.328	0.082	0.652
fadD25	pks7	83332.Rv1521	83332.Rv1661	0.093	0.102	0.172	0	0.176	0.313	0.328	0.094	0.701
fadD25	pks12	83332.Rv1521	83332.Rv2048c	0.143	0.006	0	0	0.205	0.388	0.328	0.118	0.707
fadD25	pks9	83332.Rv1521	83332.Rv1664	0.046	0.408	0.244	0	0.121	0.134	0.328	0	0.730
fadD25	ppsA	83332.Rv1521	83332.Rv2931	0.072	0.077	0.318	0	0.175	0.313	0.328	0.077	0.736
fadD25	pks13	83332.Rv1521	83332.Rv3800c	0.119	0.036	0.255	0	0.211	0.313	0.328	0.129	0.743
fadD25	mbtC	83332.Rv1521	83332.Rv2382c	0.046	0.474	0.223	0	0.116	0.134	0.328	0.075	0.761
fadD25	mas	83332.Rv1521	83332.Rv2940c	0.143	0.044	0.221	0	0.201	0.388	0.328	0.128	0.765
fadD25	ppsC	83332.Rv1521	83332.Rv2933	0.143	0.051	0.230	0	0.196	0.388	0.328	0.118	0.765
fadD25	pks2	83332.Rv1521	83332.Rv3825c	0.143	0.063	0.220	0	0.198	0.388	0.328	0.128	0.768
fadD25	pks5	83332.Rv1521	83332.Rv1527c	0.143	0.067	0.217	0	0.201	0.388	0.328	0.128	0.769
fadD25	ppsB	83332.Rv1521	83332.Rv2932	0.093	0.178	0.313	0	0.172	0.313	0.328	0.094	0.772
fadD25	mbtB	83332.Rv1521	83332.Rv2383c	0.151	0.510	0.237	0.605	0.207	0.216	0	0.133	0.789
fadD25	pks15	83332.Rv1521	83332.Rv2947c	0.046	0.585	0.253	0	0.120	0.134	0.328	0	0.813
fadD25	mbtF	83332.Rv1521	83332.Rv2379c	0.053	0.506	0.642	0	0.152	0.216	0	0.051	0.869
fadD25	mbtE	83332.Rv1521	83332.Rv2380c	0.072	0.692	0.682	0	0.220	0.465	0	0.083	0.957
fadD26	ppiA	83332.Rv2930	83332.Rv0009	0	0	0	0	0.070	0.382	0	0.076	0.423
fadD26	nrp	83332.Rv2930	83332.Rv0101	0.073	0.162	0.273	0.606	0.154	0.216	0	0.098	0.584
fadD26	pks3	83332.Rv2930	83332.Rv1180	0.046	0.418	0.250	0	0.121	0.134	0.328	0.431	0.844
fadD26	pks4	83332.Rv2930	83332.Rv1181	0.093	0.014	0	0	0.174	0.313	0.328	0.382	0.747
fadD26	papA3	83332.Rv2930	83332.Rv1182	0.053	0	0	0	0.157	0.216	0	0.320	0.518
fadD26	pks5	83332.Rv2930	83332.Rv1527c	0.143	0.059	0.184	0	0.200	0.388	0.328	0.128	0.757
fadD26	papA4	83332.Rv2930	83332.Rv1528c	0.051	0	0	0	0.155	0.201	0	0.198	0.417
fadD26	pks7	83332.Rv2930	83332.Rv1661	0.093	0.106	0.165	0	0.171	0.313	0.328	0.094	0.698
fadD26	pks8	83332.Rv2930	83332.Rv1662	0.071	0.166	0.192	0	0.116	0.134	0.328	0.078	0.619
fadD26	pks17	83332.Rv2930	83332.Rv1663	0.071	0.254	0.159	0	0.085	0.360	0	0.087	0.616
fadD26	pks9	83332.Rv2930	83332.Rv1664	0.046	0.418	0.243	0	0.120	0.134	0.328	0	0.734
fadD26	pks12	83332.Rv2930	83332.Rv2048c	0.143	0.006	0	0	0.207	0.388	0.328	0.118	0.708
fadD26	mbtF	83332.Rv2930	83332.Rv2379c	0.053	0.487	0.275	0.605	0.154	0.216	0	0.051	0.727
fadD26	mbtE	83332.Rv2930	83332.Rv2380c	0.072	0.685	0.289	0.605	0.222	0.465	0	0.083	0.902
fadD26	mbtD	83332.Rv2930	83332.Rv2381c	0.046	0	0.169	0	0.118	0.134	0.328	0.160	0.578
fadD26	mbtC	83332.Rv2930	83332.Rv2382c	0.046	0.468	0.214	0	0.118	0.134	0.328	0.075	0.756
fadD26	mbtB	83332.Rv2930	83332.Rv2383c	0.151	0	0.208	0.609	0.209	0.216	0	0.185	0.598
fadD26	mbtA	83332.Rv2930	83332.Rv2384	0.050	0.022	0.279	0	0.044	0	0	0.201	0.406
fadD26	ppiB	83332.Rv2930	83332.Rv2582	0	0	0	0	0.067	0.382	0	0.076	0.421
fadD26	tesA	83332.Rv2930	83332.Rv2928	0.062	0	0.445	0	0.063	0	0	0.540	0.745
fadD26	papA1	83332.Rv2930	83332.Rv3824c	0.053	0	0	0	0.156	0.216	0	0.254	0.470
fadD26	papA2	83332.Rv2930	83332.Rv3820c	0.053	0	0	0	0.156	0.216	0	0.301	0.504
fadD26	pks13	83332.Rv2930	83332.Rv3800c	0.119	0.035	0.261	0	0.220	0.313	0.328	0.129	0.748
fadD26	pks2	83332.Rv2930	83332.Rv3825c	0.143	0.055	0.187	0	0.198	0.388	0.328	0.388	0.829
fadD26	pks15	83332.Rv2930	83332.Rv2947c	0.046	0.625	0.240	0	0.156	0.134	0.328	0.109	0.847
fadD26	mas	83332.Rv2930	83332.Rv2940c	0.143	0.035	0.190	0	0.334	0.388	0.328	0.484	0.879
fadD26	ppsD	83332.Rv2930	83332.Rv2934	0.774	0.099	0.373	0	0.165	0.134	0.649	0.430	0.976
fadD26	ppsC	83332.Rv2930	83332.Rv2933	0.797	0.049	0.231	0	0.222	0.388	0.649	0.313	0.978
fadD26	ppsE	83332.Rv2930	83332.Rv2935	0.780	0.093	0.357	0	0.162	0.134	0.649	0.596	0.983
fadD26	ppsB	83332.Rv2930	83332.Rv2932	0.801	0.202	0.320	0	0.778	0.313	0.649	0.358	0.995
fadD26	ppsA	83332.Rv2930	83332.Rv2931	0.801	0.073	0.325	0	0.824	0.313	0.649	0.814	0.998
fadD28	ppiA	83332.Rv2941	83332.Rv0009	0	0	0	0	0.072	0.382	0	0.076	0.424
fadD28	nrp	83332.Rv2941	83332.Rv0101	0.073	0.142	0.287	0.606	0.152	0.216	0	0.089	0.577
fadD28	pks3	83332.Rv2941	83332.Rv1180	0.046	0.481	0.277	0	0.121	0.134	0.328	0.322	0.840
fadD28	pks4	83332.Rv2941	83332.Rv1181	0.093	0.009	0	0	0.176	0.313	0.328	0.318	0.721
fadD28	papA3	83332.Rv2941	83332.Rv1182	0.053	0	0	0	0.161	0.216	0	0.279	0.491
fadD28	pks5	83332.Rv2941	83332.Rv1527c	0.143	0.046	0.223	0	0.196	0.388	0.328	0.128	0.764
fadD28	papA4	83332.Rv2941	83332.Rv1528c	0.051	0	0	0	0.152	0.201	0	0.239	0.445
fadD28	pks7	83332.Rv2941	83332.Rv1661	0.093	0.080	0.170	0	0.171	0.313	0.328	0.094	0.691
fadD28	pks8	83332.Rv2941	83332.Rv1662	0.071	0.125	0.199	0	0.116	0.134	0.328	0.078	0.603
fadD28	pks17	83332.Rv2941	83332.Rv1663	0.071	0.227	0.157	0	0.083	0.360	0	0.087	0.600
fadD28	pks9	83332.Rv2941	83332.Rv1664	0.046	0.348	0.246	0	0.116	0.134	0.328	0.285	0.778
fadD28	pks12	83332.Rv2941	83332.Rv2048c	0.143	0.007	0	0	0.201	0.388	0.328	0.138	0.713
fadD28	mbtF	83332.Rv2941	83332.Rv2379c	0.053	0.327	0.283	0.605	0.152	0.216	0	0.051	0.645
fadD28	mbtE	83332.Rv2941	83332.Rv2380c	0.072	0.623	0.295	0.605	0.220	0.465	0	0.083	0.883
fadD28	mbtD	83332.Rv2941	83332.Rv2381c	0.046	0	0.194	0	0.116	0.134	0.328	0	0.532
fadD28	mbtC	83332.Rv2941	83332.Rv2382c	0.046	0.522	0.222	0	0.116	0.134	0.328	0.075	0.783
fadD28	mbtB	83332.Rv2941	83332.Rv2383c	0.151	0.316	0.238	0.606	0.207	0.216	0	0.133	0.706
fadD28	mbtA	83332.Rv2941	83332.Rv2384	0.050	0.017	0.289	0	0	0	0	0.282	0.472
fadD28	ppiB	83332.Rv2941	83332.Rv2582	0	0	0	0	0.067	0.382	0	0.076	0.421
fadD28	tesA	83332.Rv2941	83332.Rv2928	0.062	0	0.416	0	0.066	0	0	0.380	0.640
fadD28	ppsA	83332.Rv2941	83332.Rv2931	0.072	0.061	0.326	0	0.183	0.313	0.328	0.666	0.905
fadD28	ppsB	83332.Rv2941	83332.Rv2932	0.093	0.169	0.319	0	0.182	0.313	0.328	0.094	0.774
fadD28	ppsC	83332.Rv2941	83332.Rv2933	0.143	0.037	0.236	0	0.200	0.388	0.328	0.322	0.820
fadD28	ppsD	83332.Rv2941	83332.Rv2934	0.046	0.080	0.348	0	0.121	0.134	0.328	0.143	0.677
fadD28	ppsE	83332.Rv2941	83332.Rv2935	0.072	0.078	0.330	0	0.121	0.134	0.328	0.645	0.866
fadD28	mas	83332.Rv2941	83332.Rv2940c	0.143	0.026	0.227	0	0.205	0.388	0.649	0.663	0.953
fadD28	papA1	83332.Rv2941	83332.Rv3824c	0.053	0	0	0	0.162	0.216	0	0.275	0.489
fadD28	papA2	83332.Rv2941	83332.Rv3820c	0.053	0	0	0	0.153	0.216	0	0.381	0.559
fadD28	pks13	83332.Rv2941	83332.Rv3800c	0.119	0.026	0.266	0	0.213	0.313	0.328	0.256	0.784
fadD28	pks15	83332.Rv2941	83332.Rv2947c	0.046	0.533	0.251	0	0.128	0.134	0.328	0.142	0.813
fadD28	pks2	83332.Rv2941	83332.Rv3825c	0.143	0.043	0.227	0	0.201	0.388	0.328	0.321	0.818
fadD29	ppiA	83332.Rv2950c	83332.Rv0009	0	0	0	0	0.088	0.382	0	0.076	0.433
fadD29	nrp	83332.Rv2950c	83332.Rv0101	0.073	0.152	0.280	0.605	0.152	0.216	0	0.089	0.578
fadD29	pks3	83332.Rv2950c	83332.Rv1180	0.046	0.416	0.244	0	0.125	0.134	0.328	0	0.735
fadD29	pks4	83332.Rv2950c	83332.Rv1181	0.093	0.009	0	0	0.176	0.313	0.328	0.185	0.667
fadD29	papA3	83332.Rv2950c	83332.Rv1182	0.053	0	0	0	0.161	0.216	0	0.219	0.449
fadD29	pks5	83332.Rv2950c	83332.Rv1527c	0.143	0.045	0.181	0	0.201	0.388	0.328	0.128	0.753
fadD29	pks7	83332.Rv2950c	83332.Rv1661	0.093	0.072	0.157	0	0.173	0.313	0.328	0.094	0.684
fadD29	pks8	83332.Rv2950c	83332.Rv1662	0.071	0.118	0.182	0	0.118	0.134	0.328	0.078	0.592
fadD29	pks17	83332.Rv2950c	83332.Rv1663	0.071	0.235	0.150	0	0.088	0.360	0	0.087	0.603
fadD29	pks9	83332.Rv2950c	83332.Rv1664	0.046	0.319	0.229	0	0.123	0.134	0.328	0	0.685
fadD29	pks12	83332.Rv2950c	83332.Rv2048c	0.143	0.005	0	0	0.218	0.388	0.328	0.324	0.780
fadD29	mbtF	83332.Rv2950c	83332.Rv2379c	0.053	0.436	0.635	0	0.152	0.216	0	0.051	0.848
fadD29	mbtE	83332.Rv2950c	83332.Rv2380c	0.072	0.649	0.291	0.605	0.220	0.465	0	0.083	0.891
fadD29	mbtD	83332.Rv2950c	83332.Rv2381c	0.046	0	0.173	0	0.116	0.134	0.328	0	0.520
fadD29	mbtC	83332.Rv2950c	83332.Rv2382c	0.046	0.389	0.203	0	0.116	0.134	0.328	0.075	0.716
fadD29	mbtB	83332.Rv2950c	83332.Rv2383c	0.151	0.416	0.227	0.606	0.207	0.216	0	0.133	0.745
fadD29	ppiB	83332.Rv2950c	83332.Rv2582	0	0	0	0	0.068	0.382	0	0.076	0.421
fadD29	tesA	83332.Rv2950c	83332.Rv2928	0.062	0	0.428	0	0.067	0	0.500	0.292	0.790
fadD29	ppsA	83332.Rv2950c	83332.Rv2931	0.072	0.057	0.314	0	0.221	0.313	0.649	0.136	0.875
fadD29	ppsB	83332.Rv2950c	83332.Rv2932	0.093	0.147	0.309	0	0.218	0.313	0.649	0.252	0.903
fadD29	ppsC	83332.Rv2950c	83332.Rv2933	0.143	0.038	0.221	0	0.206	0.388	0.649	0.118	0.876
fadD29	ppsD	83332.Rv2950c	83332.Rv2934	0.046	0.071	0.343	0	0.128	0.134	0.649	0	0.810
fadD29	ppsE	83332.Rv2950c	83332.Rv2935	0.068	0.082	0.330	0	0.137	0.134	0.649	0.328	0.870
fadD29	mas	83332.Rv2950c	83332.Rv2940c	0.143	0.027	0.187	0	0.300	0.388	0.328	0.128	0.784
fadD29	pks15	83332.Rv2950c	83332.Rv2947c	0.675	0.461	0.233	0	0.726	0.134	0.328	0.143	0.976
fadD29	nuoG	83332.Rv2950c	83332.Rv3151	0	0	0	0	0.052	0.309	0	0.167	0.407
fadD29	papA1	83332.Rv2950c	83332.Rv3824c	0.053	0	0	0	0.161	0.216	0	0.214	0.446
fadD29	pks13	83332.Rv2950c	83332.Rv3800c	0.119	0.025	0.240	0	0.220	0.313	0.328	0.129	0.741
fadD29	pks2	83332.Rv2950c	83332.Rv3825c	0.143	0.042	0.185	0	0.201	0.388	0.328	0.182	0.769
fadD30	ppiA	83332.Rv0404	83332.Rv0009	0	0	0	0	0.075	0.382	0	0.076	0.426
fadD30	nrp	83332.Rv0404	83332.Rv0101	0.073	0.131	0.634	0	0.159	0.216	0	0.089	0.781
fadD30	ppiB	83332.Rv0404	83332.Rv2582	0	0	0	0	0.073	0.382	0	0.076	0.424
fadD30	tesA	83332.Rv0404	83332.Rv2928	0.062	0	0.430	0	0.083	0	0	0.077	0.487
fadD30	mbtD	83332.Rv0404	83332.Rv2381c	0.046	0	0.180	0	0.118	0.134	0.328	0	0.525
fadD30	pks17	83332.Rv0404	83332.Rv1663	0.071	0.208	0.150	0	0.093	0.360	0	0.077	0.587
fadD30	pks8	83332.Rv0404	83332.Rv1662	0.071	0.111	0.191	0	0.121	0.134	0.328	0.078	0.595
fadD30	ppsE	83332.Rv0404	83332.Rv2935	0.046	0.068	0.319	0	0.123	0.134	0.328	0	0.619
fadD30	ppsD	83332.Rv0404	83332.Rv2934	0.073	0.058	0.325	0	0.120	0.134	0.328	0	0.628
fadD30	pks4	83332.Rv0404	83332.Rv1181	0.093	0.011	0	0	0.171	0.313	0.328	0.094	0.628
fadD30	pks9	83332.Rv0404	83332.Rv1664	0.046	0.247	0.238	0	0.126	0.134	0.328	0	0.657
fadD30	mbtC	83332.Rv0404	83332.Rv2382c	0.046	0.336	0.217	0	0.117	0.134	0.328	0	0.686
fadD30	pks7	83332.Rv0404	83332.Rv1661	0.093	0.076	0.163	0	0.178	0.313	0.328	0.094	0.690
fadD30	mbtB	83332.Rv0404	83332.Rv2383c	0.151	0.296	0.223	0.605	0.207	0.216	0	0.133	0.691
fadD30	pks12	83332.Rv0404	83332.Rv2048c	0.143	0.006	0	0	0.204	0.388	0.328	0.118	0.707
fadD30	pks15	83332.Rv0404	83332.Rv2947c	0.046	0.360	0.248	0	0.118	0.134	0.328	0	0.710
fadD30	pks3	83332.Rv0404	83332.Rv1180	0.046	0.357	0.263	0	0.118	0.134	0.328	0	0.714
fadD30	ppsA	83332.Rv0404	83332.Rv2931	0.072	0.059	0.318	0	0.176	0.313	0.328	0.077	0.731
fadD30	pks13	83332.Rv0404	83332.Rv3800c	0.119	0.022	0.241	0	0.211	0.313	0.328	0.129	0.738
fadD30	ppsB	83332.Rv0404	83332.Rv2932	0.093	0.103	0.312	0	0.173	0.313	0.328	0.094	0.751
fadD30	pks2	83332.Rv0404	83332.Rv3825c	0.143	0.043	0.193	0	0.198	0.388	0.328	0.118	0.752
fadD30	mas	83332.Rv0404	83332.Rv2940c	0.143	0.029	0.197	0	0.201	0.388	0.328	0.118	0.754
fadD30	pks5	83332.Rv0404	83332.Rv1527c	0.143	0.046	0.191	0	0.215	0.388	0.328	0.118	0.757
fadD30	ppsC	83332.Rv0404	83332.Rv2933	0.143	0.037	0.226	0	0.198	0.388	0.328	0.118	0.762
fadD30	mbtF	83332.Rv0404	83332.Rv2379c	0.053	0.384	0.604	0	0.154	0.216	0	0.051	0.821
fadD30	mbtE	83332.Rv0404	83332.Rv2380c	0.072	0.586	0.651	0	0.224	0.465	0	0.083	0.937
fadD31	ppiA	83332.Rv1925	83332.Rv0009	0	0	0	0	0.076	0.382	0	0.076	0.426
fadD31	nrp	83332.Rv1925	83332.Rv0101	0.073	0.140	0.600	0	0.154	0.216	0	0.089	0.762
fadD31	pks3	83332.Rv1925	83332.Rv1180	0.046	0.262	0.289	0	0.125	0.134	0.328	0	0.685
fadD31	pks4	83332.Rv1925	83332.Rv1181	0.093	0.006	0	0	0.177	0.313	0.328	0.094	0.631
fadD31	lprG	83332.Rv1925	83332.Rv1411c	0	0	0	0	0.415	0	0	0	0.414
fadD31	pks5	83332.Rv1925	83332.Rv1527c	0.143	0.032	0.213	0	0.196	0.388	0.328	0.118	0.757
fadD31	pks7	83332.Rv1925	83332.Rv1661	0.093	0.050	0.176	0	0.176	0.313	0.328	0.094	0.685
fadD31	pks8	83332.Rv1925	83332.Rv1662	0.071	0.087	0.206	0	0.120	0.134	0.328	0.078	0.591
fadD31	pks17	83332.Rv1925	83332.Rv1663	0.071	0.154	0.166	0	0.087	0.360	0	0.087	0.569
fadD31	pks9	83332.Rv1925	83332.Rv1664	0.046	0.223	0.267	0	0.119	0.134	0.328	0	0.657
fadD31	ppiB	83332.Rv1925	83332.Rv2582	0	0	0	0	0.068	0.382	0	0.076	0.421
fadD31	mbtD	83332.Rv1925	83332.Rv2381c	0.046	0	0.171	0	0.118	0.134	0.328	0	0.520
fadD31	ppsE	83332.Rv1925	83332.Rv2935	0.046	0.071	0.276	0	0.124	0.134	0.328	0	0.597
fadD31	ppsD	83332.Rv1925	83332.Rv2934	0.046	0.047	0.304	0	0.121	0.134	0.328	0	0.601
fadD31	mbtB	83332.Rv1925	83332.Rv2383c	0.151	0.280	0.194	0.606	0.210	0.216	0	0.133	0.674
fadD31	pks15	83332.Rv1925	83332.Rv2947c	0.046	0.261	0.275	0	0.119	0.134	0.328	0	0.677
fadD31	mbtC	83332.Rv1925	83332.Rv2382c	0.046	0.298	0.242	0	0.119	0.134	0.328	0.075	0.690
fadD31	pks12	83332.Rv1925	83332.Rv2048c	0.143	0.004	0	0	0.198	0.388	0.328	0.118	0.705
fadD31	ppsA	83332.Rv1925	83332.Rv2931	0.072	0.044	0.312	0	0.180	0.313	0.328	0.077	0.726
fadD31	ppsB	83332.Rv1925	83332.Rv2932	0.093	0.077	0.291	0	0.173	0.313	0.328	0.094	0.736
fadD31	pks2	83332.Rv1925	83332.Rv3825c	0.143	0.028	0.217	0	0.205	0.388	0.328	0.118	0.761
fadD31	mas	83332.Rv1925	83332.Rv2940c	0.143	0.022	0.222	0	0.203	0.388	0.328	0.118	0.762
fadD31	ppsC	83332.Rv1925	83332.Rv2933	0.143	0.028	0.234	0	0.201	0.388	0.328	0.118	0.765
fadD31	mbtF	83332.Rv1925	83332.Rv2379c	0.053	0.356	0.570	0	0.154	0.216	0	0.051	0.796
fadD31	pks13	83332.Rv1925	83332.Rv3800c	0.119	0.023	0.404	0	0.227	0.313	0.328	0.129	0.799
fadD31	mbtE	83332.Rv1925	83332.Rv2380c	0.072	0.584	0.605	0	0.222	0.465	0	0.083	0.928
fadD35	ppiA	83332.Rv2505c	83332.Rv0009	0	0	0	0	0.063	0.382	0	0.076	0.418
fadD35	pks3	83332.Rv2505c	83332.Rv1180	0.046	0.358	0	0	0.116	0.134	0.328	0	0.627
fadD35	pks4	83332.Rv2505c	83332.Rv1181	0.093	0.006	0	0	0.171	0.313	0.328	0.094	0.628
fadD35	pks5	83332.Rv2505c	83332.Rv1527c	0.143	0.006	0	0	0.196	0.388	0.328	0.118	0.704
fadD35	pks7	83332.Rv2505c	83332.Rv1661	0.093	0.041	0	0	0.173	0.313	0.328	0.094	0.629
fadD35	pks8	83332.Rv2505c	83332.Rv1662	0.071	0.057	0	0	0.120	0.134	0.328	0.078	0.490
fadD35	pks17	83332.Rv2505c	83332.Rv1663	0.071	0.361	0	0	0.088	0.360	0	0.087	0.626
fadD35	pks9	83332.Rv2505c	83332.Rv1664	0.046	0.090	0	0	0.121	0.134	0.328	0	0.475
fadD35	pks12	83332.Rv2505c	83332.Rv2048c	0.143	0.006	0	0	0.196	0.388	0.328	0.118	0.704
fadD35	mbtE	83332.Rv2505c	83332.Rv2380c	0.072	0	0.085	0.611	0.224	0.465	0	0.083	0.617
fadD35	mbtD	83332.Rv2505c	83332.Rv2381c	0.046	0.001	0	0	0.120	0.134	0.328	0	0.446
fadD35	mbtC	83332.Rv2505c	83332.Rv2382c	0.046	0.321	0	0	0.120	0.134	0.328	0.051	0.612
fadD35	mbtB	83332.Rv2505c	83332.Rv2383c	0.151	0	0.091	0.608	0.211	0.216	0	0.133	0.510
fadD35	ppiB	83332.Rv2505c	83332.Rv2582	0	0	0	0	0.067	0.382	0	0.076	0.421
fadD35	ppsE	83332.Rv2505c	83332.Rv2935	0.046	0.023	0	0	0.116	0.134	0.328	0	0.443
fadD35	ppsD	83332.Rv2505c	83332.Rv2934	0.046	0.024	0	0	0.117	0.134	0.328	0	0.444
fadD35	ppsA	83332.Rv2505c	83332.Rv2931	0.072	0.005	0	0	0.171	0.313	0.328	0.077	0.612
fadD35	ppsB	83332.Rv2505c	83332.Rv2932	0.093	0.034	0	0	0.171	0.313	0.328	0.094	0.628
fadD35	pks15	83332.Rv2505c	83332.Rv2947c	0.046	0.428	0	0	0.116	0.134	0.328	0	0.668
fadD35	pks13	83332.Rv2505c	83332.Rv3800c	0.119	0.006	0	0	0.209	0.313	0.328	0.138	0.672
fadD35	pks2	83332.Rv2505c	83332.Rv3825c	0.143	0.007	0	0	0.196	0.388	0.328	0.118	0.704
fadD35	mas	83332.Rv2505c	83332.Rv2940c	0.143	0.007	0	0	0.196	0.388	0.328	0.118	0.704
fadD35	ppsC	83332.Rv2505c	83332.Rv2933	0.143	0.008	0	0	0.197	0.388	0.328	0.118	0.705
fadD5	ppiA	83332.Rv0166	83332.Rv0009	0	0	0	0	0.072	0.382	0	0.076	0.424
fadD5	nrp	83332.Rv0166	83332.Rv0101	0.073	0	0.105	0.609	0.157	0.216	0	0.089	0.410
fadD5	ppiB	83332.Rv0166	83332.Rv2582	0	0	0	0	0.067	0.382	0	0.076	0.421
fadD5	nuoF	83332.Rv0166	83332.Rv3150	0	0	0	0	0.224	0.309	0	0	0.440
fadD5	ppsD	83332.Rv0166	83332.Rv2934	0.046	0.022	0	0	0.116	0.134	0.328	0	0.443
fadD5	mbtD	83332.Rv0166	83332.Rv2381c	0.046	0.001	0	0	0.116	0.134	0.328	0	0.444
fadD5	ppsE	83332.Rv0166	83332.Rv2935	0.046	0.057	0	0	0.116	0.134	0.328	0	0.453
fadD5	nuoG	83332.Rv0166	83332.Rv3151	0	0	0	0	0.222	0.309	0	0.075	0.459
fadD5	pks9	83332.Rv0166	83332.Rv1664	0.046	0.129	0	0	0.125	0.134	0.328	0	0.499
fadD5	pks8	83332.Rv0166	83332.Rv1662	0.071	0.074	0	0	0.124	0.134	0.328	0.078	0.502
fadD5	nuoE	83332.Rv0166	83332.Rv3149	0	0	0	0	0.352	0.309	0	0	0.533
fadD5	mbtB	83332.Rv0166	83332.Rv2383c	0.151	0	0.183	0.609	0.207	0.216	0	0.133	0.558
fadD5	ppsA	83332.Rv0166	83332.Rv2931	0.072	0.010	0	0	0.171	0.313	0.328	0.077	0.612
fadD5	pks4	83332.Rv0166	83332.Rv1181	0.093	0.006	0	0	0.178	0.313	0.328	0.094	0.631
fadD5	mbtE	83332.Rv0166	83332.Rv2380c	0.072	0	0.128	0.609	0.222	0.465	0	0.083	0.635
fadD5	ppsB	83332.Rv0166	83332.Rv2932	0.093	0.064	0	0	0.171	0.313	0.328	0.094	0.637
fadD5	pks7	83332.Rv0166	83332.Rv1661	0.093	0.047	0	0	0.176	0.313	0.328	0.112	0.640
fadD5	mbtF	83332.Rv0166	83332.Rv2379c	0.053	0.437	0.148	0.607	0.154	0.216	0	0.051	0.648
fadD5	pks13	83332.Rv0166	83332.Rv3800c	0.119	0.004	0	0	0.213	0.313	0.328	0.138	0.673
fadD5	ppsC	83332.Rv0166	83332.Rv2933	0.143	0.011	0	0	0.196	0.388	0.328	0.118	0.704
fadD5	mas	83332.Rv0166	83332.Rv2940c	0.143	0.012	0	0	0.199	0.388	0.328	0.118	0.705
fadD5	pks5	83332.Rv0166	83332.Rv1527c	0.143	0.009	0	0	0.201	0.388	0.328	0.118	0.706
fadD5	pks12	83332.Rv0166	83332.Rv2048c	0.143	0.011	0	0	0.204	0.388	0.328	0.118	0.707
fadD5	pks2	83332.Rv0166	83332.Rv3825c	0.143	0.012	0	0	0.203	0.388	0.328	0.118	0.707
fadD5	mbtC	83332.Rv0166	83332.Rv2382c	0.046	0.550	0	0	0.116	0.134	0.328	0.051	0.741
fadD5	pks17	83332.Rv0166	83332.Rv1663	0.071	0.565	0	0	0.088	0.360	0	0.087	0.745
fadD5	pks3	83332.Rv0166	83332.Rv1180	0.046	0.650	0	0	0.124	0.134	0.328	0	0.798
fadD5	pks15	83332.Rv0166	83332.Rv2947c	0.046	0.702	0	0	0.121	0.134	0.328	0.086	0.836
fadD7	ppiA	83332.Rv0119	83332.Rv0009	0	0	0	0	0.065	0.382	0	0.076	0.420
fadD7	nrp	83332.Rv0119	83332.Rv0101	0.073	0.158	0.121	0.607	0.156	0.216	0	0.089	0.491
fadD7	mbtF	83332.Rv0119	83332.Rv2379c	0.053	0	0.160	0.609	0.156	0.216	0	0.051	0.410
fadD7	ppiB	83332.Rv0119	83332.Rv2582	0	0	0	0	0.066	0.382	0	0.076	0.420
fadD7	ppsD	83332.Rv0119	83332.Rv2934	0.046	0.048	0	0	0.116	0.134	0.328	0	0.447
fadD7	mbtD	83332.Rv0119	83332.Rv2381c	0.046	0.002	0	0	0.121	0.134	0.328	0	0.447
fadD7	ppsE	83332.Rv0119	83332.Rv2935	0.046	0.097	0	0	0.116	0.134	0.328	0	0.476
fadD7	pks8	83332.Rv0119	83332.Rv1662	0.071	0.131	0	0	0.116	0.134	0.328	0.078	0.528
fadD7	mbtB	83332.Rv0119	83332.Rv2383c	0.151	0	0.149	0.610	0.209	0.216	0	0.133	0.541
fadD7	pks17	83332.Rv0119	83332.Rv1663	0.071	0.242	0	0	0.083	0.360	0	0.087	0.554
fadD7	pks9	83332.Rv0119	83332.Rv1664	0.046	0.256	0	0	0.116	0.134	0.328	0	0.568
fadD7	ppsA	83332.Rv0119	83332.Rv2931	0.072	0.024	0	0	0.171	0.313	0.328	0.077	0.612
fadD7	pks4	83332.Rv0119	83332.Rv1181	0.093	0.007	0	0	0.178	0.313	0.328	0.094	0.631
fadD7	pks7	83332.Rv0119	83332.Rv1661	0.093	0.054	0	0	0.173	0.313	0.328	0.094	0.634
fadD7	mbtE	83332.Rv0119	83332.Rv2380c	0.072	0	0.128	0.613	0.224	0.465	0	0.083	0.635
fadD7	mbtC	83332.Rv0119	83332.Rv2382c	0.046	0.372	0	0	0.118	0.134	0.328	0.051	0.640
fadD7	ppsB	83332.Rv0119	83332.Rv2932	0.093	0.100	0	0	0.171	0.313	0.328	0.094	0.651
fadD7	pks3	83332.Rv0119	83332.Rv1180	0.046	0.414	0	0	0.121	0.134	0.328	0	0.662
fadD7	pks13	83332.Rv0119	83332.Rv3800c	0.119	0.011	0	0	0.211	0.313	0.328	0.129	0.669
fadD7	pks15	83332.Rv0119	83332.Rv2947c	0.046	0.452	0	0	0.116	0.134	0.328	0	0.682
fadD7	ppsC	83332.Rv0119	83332.Rv2933	0.143	0.020	0	0	0.196	0.388	0.328	0.118	0.704
fadD7	mas	83332.Rv0119	83332.Rv2940c	0.143	0.015	0	0	0.196	0.388	0.328	0.118	0.704
fadD7	pks5	83332.Rv0119	83332.Rv1527c	0.143	0.013	0	0	0.198	0.388	0.328	0.118	0.705
fadD7	pks12	83332.Rv0119	83332.Rv2048c	0.143	0.006	0	0	0.198	0.388	0.328	0.118	0.705
fadD7	pks2	83332.Rv0119	83332.Rv3825c	0.143	0.016	0	0	0.201	0.388	0.328	0.118	0.706
fadE16	pks4	83332.Rv1679	83332.Rv1181	0.093	0	0	0	0.075	0.134	0.298	0.093	0.453
fadE16	pks5	83332.Rv1679	83332.Rv1527c	0.129	0	0	0	0.092	0.147	0.459	0.113	0.617
fadE16	pks7	83332.Rv1679	83332.Rv1661	0.093	0	0	0	0.103	0.134	0.298	0.093	0.469
fadE16	pks17	83332.Rv1679	83332.Rv1663	0.071	0	0	0	0.107	0.137	0.459	0.076	0.577
fadE16	phyA	83332.Rv1679	83332.Rv3397c	0.042	0	0	0	0.055	0	0.396	0.042	0.406
fadE16	nuoH	83332.Rv1679	83332.Rv3152	0	0	0	0	0.067	0	0.398	0.042	0.415
fadE16	nuoE	83332.Rv1679	83332.Rv3149	0	0	0	0	0.092	0	0.401	0.077	0.454
fadE16	nuoG	83332.Rv1679	83332.Rv3151	0	0	0	0	0.117	0	0.401	0.077	0.469
fadE16	nuoN	83332.Rv1679	83332.Rv3158	0	0	0	0	0.055	0	0.482	0	0.489
fadE16	nuoA	83332.Rv1679	83332.Rv3145	0	0	0	0	0.055	0	0.495	0.062	0.513
fadE16	nuoB	83332.Rv1679	83332.Rv3146	0	0	0	0	0.062	0.211	0.398	0.044	0.517
fadE16	nuoF	83332.Rv1679	83332.Rv3150	0	0	0	0	0.228	0	0.401	0.077	0.536
fadE16	nuoC	83332.Rv1679	83332.Rv3147	0	0	0	0	0.072	0.279	0.398	0.077	0.578
fadE16	nuoD	83332.Rv1679	83332.Rv3148	0	0	0	0	0.110	0.279	0.398	0.058	0.587
fadE16	ppsC	83332.Rv1679	83332.Rv2933	0.129	0	0	0	0.088	0.147	0.459	0.113	0.615
fadE16	pks12	83332.Rv1679	83332.Rv2048c	0.129	0	0	0	0.089	0.147	0.459	0.113	0.616
fadE16	mas	83332.Rv1679	83332.Rv2940c	0.129	0	0	0	0.095	0.147	0.459	0.113	0.618
fadE16	pks2	83332.Rv1679	83332.Rv3825c	0.129	0	0	0	0.096	0.147	0.459	0.113	0.619
fadE16	nuoI	83332.Rv1679	83332.Rv3153	0.063	0	0	0	0.100	0.384	0.398	0.080	0.659
fdxB	ppiA	83332.Rv3554	83332.Rv0009	0.056	0	0	0	0.055	0.422	0	0.088	0.467
fdxB	ptbB	83332.Rv3554	83332.Rv0153c	0.046	0	0	0	0.047	0.603	0	0.075	0.621
fdxB	pks4	83332.Rv3554	83332.Rv1181	0.093	0	0	0	0.081	0.306	0	0.322	0.555
fdxB	pks5	83332.Rv3554	83332.Rv1527c	0.135	0	0	0	0.127	0.759	0	0.586	0.914
fdxB	pks7	83332.Rv3554	83332.Rv1661	0.093	0	0	0	0.084	0.306	0	0.322	0.557
fdxB	pks17	83332.Rv3554	83332.Rv1663	0.071	0	0	0	0.101	0.759	0	0.305	0.841
fdxB	pks12	83332.Rv3554	83332.Rv2048c	0.135	0	0	0	0.124	0.759	0	0.586	0.914
fdxB	qcrB	83332.Rv3554	83332.Rv2196	0.055	0	0	0	0.044	0.412	0	0.165	0.497
fdxB	mbtE	83332.Rv3554	83332.Rv2380c	0.072	0	0	0	0.064	0.306	0	0.318	0.533
fdxB	mbtB	83332.Rv3554	83332.Rv2383c	0.094	0	0	0	0	0	0	0.509	0.536
fdxB	ppiB	83332.Rv3554	83332.Rv2582	0.056	0	0	0	0.063	0.422	0	0.088	0.471
fdxB	ppsA	83332.Rv3554	83332.Rv2931	0.071	0	0	0	0.081	0.306	0	0.267	0.507
fdxB	ppsB	83332.Rv3554	83332.Rv2932	0.150	0	0	0	0.081	0.306	0	0.323	0.583
fdxB	ppsC	83332.Rv3554	83332.Rv2933	0.135	0	0	0	0.122	0.759	0	0.586	0.914
fdxB	mas	83332.Rv3554	83332.Rv2940c	0.135	0	0	0	0.125	0.759	0	0.586	0.914
fdxB	nuoA	83332.Rv3554	83332.Rv3145	0.132	0	0	0	0.047	0.689	0	0.099	0.737
fdxB	nuoB	83332.Rv3554	83332.Rv3146	0.113	0	0	0	0.078	0.689	0	0.089	0.737
fdxB	nuoC	83332.Rv3554	83332.Rv3147	0.093	0	0	0	0.079	0.688	0	0.087	0.730
fdxB	nuoD	83332.Rv3554	83332.Rv3148	0.094	0	0	0	0.120	0.702	0	0.105	0.758
fdxB	nuoE	83332.Rv3554	83332.Rv3149	0.093	0	0	0	0.225	0.450	0	0.162	0.632
fdxB	nuoF	83332.Rv3554	83332.Rv3150	0.093	0	0	0	0.134	0.453	0	0.177	0.599
fdxB	nuoG	83332.Rv3554	83332.Rv3151	0	0	0	0	0.075	0.453	0	0	0.472
fdxB	nuoH	83332.Rv3554	83332.Rv3152	0.072	0	0	0	0.065	0.689	0	0.091	0.722
fdxB	nuoI	83332.Rv3554	83332.Rv3153	0.080	0	0	0	0.174	0.700	0	0.176	0.787
fdxB	nuoM	83332.Rv3554	83332.Rv3157	0.071	0	0	0	0.046	0.707	0	0.102	0.735
fdxB	nuoN	83332.Rv3554	83332.Rv3158	0.066	0	0	0	0.044	0.689	0	0.099	0.716
fdxB	pks13	83332.Rv3554	83332.Rv3800c	0.073	0	0	0	0.086	0.306	0	0.320	0.547
fdxB	kshB	83332.Rv3554	83332.Rv3571	0.227	0	0.257	0.700	0.066	0	0	0.318	0.586
fdxB	papA2	83332.Rv3554	83332.Rv3820c	0.054	0	0	0	0.054	0	0	0.824	0.829
fdxB	pks2	83332.Rv3554	83332.Rv3825c	0.135	0	0	0	0.126	0.759	0	0.586	0.914
gcvH	purH	83332.Rv1826	83332.Rv0957	0.045	0	0	0	0.361	0	0	0.226	0.486
gcvH	pks4	83332.Rv1826	83332.Rv1181	0.052	0	0	0	0.123	0.134	0.574	0.088	0.669
gcvH	pks5	83332.Rv1826	83332.Rv1527c	0.068	0	0	0	0.116	0.134	0.574	0.136	0.689
gcvH	pks7	83332.Rv1826	83332.Rv1661	0.052	0	0	0	0.121	0.134	0.574	0.088	0.668
gcvH	pks17	83332.Rv1826	83332.Rv1663	0.044	0	0	0	0.097	0.134	0.574	0.123	0.670
gcvH	mbtE	83332.Rv1826	83332.Rv2380c	0	0	0	0	0.094	0.134	0.574	0.082	0.652
gcvH	ppsA	83332.Rv1826	83332.Rv2931	0	0	0	0	0.095	0.134	0.574	0.082	0.652
gcvH	pks13	83332.Rv1826	83332.Rv3800c	0	0	0	0	0.097	0.134	0.574	0.082	0.653
gcvH	ppsB	83332.Rv1826	83332.Rv2932	0.071	0	0	0	0.094	0.134	0.574	0.088	0.665
gcvH	ppsC	83332.Rv1826	83332.Rv2933	0.068	0	0	0	0.121	0.134	0.574	0.136	0.691
gcvH	pks12	83332.Rv1826	83332.Rv2048c	0.068	0	0	0	0.121	0.134	0.574	0.136	0.691
gcvH	mas	83332.Rv1826	83332.Rv2940c	0.068	0	0	0	0.121	0.134	0.574	0.136	0.691
gcvH	pks2	83332.Rv1826	83332.Rv3825c	0.068	0	0	0	0.126	0.134	0.574	0.136	0.693
gcvH	lipB	83332.Rv1826	83332.Rv2217	0.229	0	0	0	0	0.166	0.844	0.596	0.954
glnE	thrA	83332.Rv2221c	83332.Rv1294	0	0	0.156	0	0.049	0	0	0.510	0.573
inhA	pks4	83332.Rv1484	83332.Rv1181	0.072	0	0	0	0.272	0.403	0	0.158	0.615
inhA	qcrB	83332.Rv1484	83332.Rv2196	0.043	0	0.164	0	0.274	0	0	0.212	0.481
inhA	mbtE	83332.Rv1484	83332.Rv2380c	0.092	0	0	0	0.271	0.403	0	0.139	0.614
inhA	pks7	83332.Rv1484	83332.Rv1661	0.072	0	0	0	0.273	0.403	0	0.158	0.615
inhA	ppsA	83332.Rv1484	83332.Rv2931	0.071	0	0	0	0.291	0.403	0	0.151	0.621
inhA	ppsB	83332.Rv1484	83332.Rv2932	0.073	0	0	0	0.298	0.403	0	0.267	0.677
inhA	pks17	83332.Rv1484	83332.Rv1663	0.107	0	0	0	0.414	0.403	0	0.153	0.700
inhA	pks2	83332.Rv1484	83332.Rv3825c	0.146	0	0	0	0.412	0.403	0	0.296	0.761
inhA	pks5	83332.Rv1484	83332.Rv1527c	0.146	0	0	0	0.412	0.403	0	0.296	0.761
inhA	ppsC	83332.Rv1484	83332.Rv2933	0.146	0	0	0	0.419	0.403	0	0.296	0.763
inhA	pks12	83332.Rv1484	83332.Rv2048c	0.146	0	0	0	0.419	0.403	0	0.312	0.769
inhA	mas	83332.Rv1484	83332.Rv2940c	0.146	0	0	0	0.438	0.403	0	0.296	0.771
inhA	pks13	83332.Rv1484	83332.Rv3800c	0.093	0	0	0	0.322	0.403	0	0.901	0.959
inhA	kasB	83332.Rv1484	83332.Rv2246	0.093	0	0.477	0	0.688	0	0	0.896	0.982
inhA	kasA	83332.Rv1484	83332.Rv2245	0.093	0	0.466	0	0.687	0	0	0.965	0.994
kasA	pks4	83332.Rv2245	83332.Rv1181	0.100	0.003	0	0	0.403	0.408	0	0.258	0.732
kasA	pks5	83332.Rv2245	83332.Rv1527c	0.157	0	0	0.618	0.488	0.785	0	0.318	0.928
kasA	pks7	83332.Rv2245	83332.Rv1661	0.100	0	0	0.615	0.403	0.408	0	0.167	0.699
kasA	pks17	83332.Rv2245	83332.Rv1663	0.093	0.032	0	0	0.442	0.785	0	0.100	0.889
kasA	pks12	83332.Rv2245	83332.Rv2048c	0.157	0	0	0.616	0.488	0.785	0	0.303	0.926
kasA	ppsA	83332.Rv2245	83332.Rv2931	0.093	0	0	0.619	0.390	0.408	0	0.129	0.676
kasA	mbtE	83332.Rv2245	83332.Rv2380c	0.072	0.004	0	0	0.402	0.408	0	0.131	0.676
kasA	ppsB	83332.Rv2245	83332.Rv2932	0.094	0	0	0.615	0.384	0.408	0	0.164	0.687
kasA	pks13	83332.Rv2245	83332.Rv3800c	0.145	0	0.100	0.642	0.442	0.408	0	0.458	0.837
kasA	mas	83332.Rv2245	83332.Rv2940c	0.157	0	0	0.625	0.490	0.785	0	0.296	0.926
kasA	pks2	83332.Rv2245	83332.Rv3825c	0.157	0	0	0.617	0.484	0.785	0	0.324	0.928
kasA	ppsC	83332.Rv2245	83332.Rv2933	0.157	0	0	0.623	0.484	0.785	0	0.336	0.929
kasA	kasB	83332.Rv2245	83332.Rv2246	0.836	0	0.059	0.975	0.860	0	0	0.062	0.977
kasB	pks4	83332.Rv2246	83332.Rv1181	0.100	0.011	0	0	0.403	0.408	0	0.167	0.699
kasB	pks5	83332.Rv2246	83332.Rv1527c	0.157	0	0	0.619	0.490	0.785	0	0.313	0.928
kasB	pks7	83332.Rv2246	83332.Rv1661	0.100	0	0	0.620	0.403	0.408	0	0.167	0.699
kasB	pks17	83332.Rv2246	83332.Rv1663	0.093	0.336	0	0	0.442	0.785	0	0.100	0.923
kasB	pks12	83332.Rv2246	83332.Rv2048c	0.157	0	0	0.619	0.488	0.785	0	0.296	0.925
kasB	ppsA	83332.Rv2246	83332.Rv2931	0.093	0	0	0.632	0.390	0.408	0	0.116	0.671
kasB	mbtE	83332.Rv2246	83332.Rv2380c	0.072	0.026	0	0	0.402	0.408	0	0.131	0.676
kasB	ppsB	83332.Rv2246	83332.Rv2932	0.094	0	0.082	0.620	0.384	0.408	0	0.164	0.700
kasB	pks13	83332.Rv2246	83332.Rv3800c	0.145	0	0.102	0.649	0.517	0.408	0	0.462	0.860
kasB	pks2	83332.Rv2246	83332.Rv3825c	0.157	0	0	0.619	0.484	0.785	0	0.296	0.925
kasB	mas	83332.Rv2246	83332.Rv2940c	0.157	0	0	0.622	0.490	0.785	0	0.296	0.926
kasB	ppsC	83332.Rv2246	83332.Rv2933	0.157	0	0	0.626	0.485	0.785	0	0.318	0.927
kshB	ppiA	83332.Rv3571	83332.Rv0009	0.056	0	0	0	0.051	0.422	0	0.082	0.461
kshB	ptbB	83332.Rv3571	83332.Rv0153c	0.043	0	0	0	0.042	0.603	0	0.075	0.618
kshB	pks4	83332.Rv3571	83332.Rv1181	0.046	0	0	0	0.066	0.306	0	0.164	0.414
kshB	pks5	83332.Rv3571	83332.Rv1527c	0.071	0	0	0	0.099	0.703	0	0.317	0.807
kshB	pks7	83332.Rv3571	83332.Rv1661	0.046	0	0	0	0.064	0.306	0	0.164	0.412
kshB	pks17	83332.Rv3571	83332.Rv1663	0.049	0	0	0	0.099	0.703	0	0.153	0.755
kshB	pks12	83332.Rv3571	83332.Rv2048c	0.071	0	0	0	0.099	0.703	0	0.317	0.807
kshB	qcrB	83332.Rv3571	83332.Rv2196	0.047	0	0	0	0	0.412	0	0.099	0.451
kshB	mbtE	83332.Rv3571	83332.Rv2380c	0	0	0	0	0.064	0.306	0	0.162	0.408
kshB	ppiB	83332.Rv3571	83332.Rv2582	0.056	0	0	0	0.051	0.422	0	0.082	0.461
kshB	ppsB	83332.Rv3571	83332.Rv2932	0.071	0	0	0	0.064	0.306	0	0.135	0.408
kshB	ppsC	83332.Rv3571	83332.Rv2933	0.071	0	0	0	0.099	0.703	0	0.317	0.807
kshB	mas	83332.Rv3571	83332.Rv2940c	0.071	0	0	0	0.101	0.703	0	0.317	0.808
kshB	nuoA	83332.Rv3571	83332.Rv3145	0.094	0	0	0	0	0.689	0	0.099	0.723
kshB	nuoB	83332.Rv3571	83332.Rv3146	0.073	0	0	0	0.073	0.689	0	0.077	0.720
kshB	nuoC	83332.Rv3571	83332.Rv3147	0.071	0	0	0	0.074	0.688	0	0.087	0.722
kshB	nuoD	83332.Rv3571	83332.Rv3148	0.072	0	0	0	0.107	0.702	0	0.099	0.747
kshB	nuoE	83332.Rv3571	83332.Rv3149	0.073	0	0	0	0.206	0.450	0	0.134	0.602
kshB	nuoF	83332.Rv3571	83332.Rv3150	0.073	0	0	0	0.124	0.453	0	0.167	0.580
kshB	nuoG	83332.Rv3571	83332.Rv3151	0	0	0	0	0.070	0.453	0	0	0.469
kshB	nuoH	83332.Rv3571	83332.Rv3152	0.071	0	0	0	0.063	0.689	0	0.091	0.720
kshB	nuoI	83332.Rv3571	83332.Rv3153	0.073	0	0	0	0.172	0.700	0	0.176	0.784
kshB	nuoM	83332.Rv3571	83332.Rv3157	0.071	0	0	0	0	0.707	0	0.098	0.733
kshB	nuoN	83332.Rv3571	83332.Rv3158	0.061	0	0	0	0	0.689	0	0.099	0.713
kshB	pks13	83332.Rv3571	83332.Rv3800c	0	0	0	0	0.066	0.306	0	0.159	0.407
kshB	pks2	83332.Rv3571	83332.Rv3825c	0.071	0	0	0	0.101	0.703	0	0.317	0.808
lipB	pks4	83332.Rv2217	83332.Rv1181	0.073	0	0	0	0.075	0.154	0.574	0.141	0.686
lipB	thrA	83332.Rv2217	83332.Rv1294	0.046	0	0	0	0.047	0	0	0.630	0.634
lipB	pks5	83332.Rv2217	83332.Rv1527c	0.110	0	0	0	0.070	0.154	0.574	0.167	0.706
lipB	pks7	83332.Rv2217	83332.Rv1661	0.073	0	0	0	0.072	0.154	0.574	0.141	0.685
lipB	pks17	83332.Rv2217	83332.Rv1663	0.072	0	0	0	0.042	0.154	0.574	0.099	0.658
lipB	pks12	83332.Rv2217	83332.Rv2048c	0.110	0	0	0	0.070	0.154	0.574	0.167	0.706
lipB	relA	83332.Rv2217	83332.Rv2583c	0.056	0	0	0	0.406	0	0	0	0.415
lipB	mbtE	83332.Rv2217	83332.Rv2380c	0.067	0	0	0	0	0.154	0.574	0.087	0.651
lipB	ppsA	83332.Rv2217	83332.Rv2931	0.071	0	0	0	0.044	0.154	0.574	0.098	0.658
lipB	pks13	83332.Rv2217	83332.Rv3800c	0.071	0	0	0	0.047	0.154	0.574	0.098	0.659
lipB	ppsB	83332.Rv2217	83332.Rv2932	0.093	0	0	0	0	0.154	0.574	0.132	0.678
lipB	ppsC	83332.Rv2217	83332.Rv2933	0.110	0	0	0	0.071	0.154	0.574	0.167	0.706
lipB	pks2	83332.Rv2217	83332.Rv3825c	0.110	0	0	0	0.072	0.154	0.574	0.167	0.707
lipB	mas	83332.Rv2217	83332.Rv2940c	0.110	0	0	0	0.072	0.154	0.574	0.167	0.707
lipG	pks17	83332.Rv0646c	83332.Rv1663	0.071	0	0	0	0.058	0.380	0	0.076	0.431
lipG	pks7	83332.Rv0646c	83332.Rv1661	0.074	0	0	0	0.061	0.391	0	0.083	0.449
lipG	pks4	83332.Rv0646c	83332.Rv1181	0.074	0	0	0	0.065	0.391	0	0.083	0.452
lipG	pks2	83332.Rv0646c	83332.Rv3825c	0.110	0	0	0	0.074	0.441	0	0.095	0.527
lipG	pks5	83332.Rv0646c	83332.Rv1527c	0.110	0	0	0	0.077	0.441	0	0.095	0.529
lipG	ppsC	83332.Rv0646c	83332.Rv2933	0.110	0	0	0	0.081	0.441	0	0.095	0.531
lipG	pks12	83332.Rv0646c	83332.Rv2048c	0.110	0	0	0	0.085	0.441	0	0.095	0.533
lipG	mas	83332.Rv0646c	83332.Rv2940c	0.110	0	0	0	0.089	0.441	0	0.095	0.535
lipG	tesA	83332.Rv0646c	83332.Rv2928	0	0	0	0	0	0	0	0.734	0.734
lprD	pks17	83332.Rv1343c	83332.Rv1663	0.069	0	0	0	0.422	0	0	0.048	0.442
lprD	ppsC	83332.Rv1343c	83332.Rv2933	0.070	0	0	0	0.422	0	0	0.048	0.443
lprD	pks5	83332.Rv1343c	83332.Rv1527c	0.070	0	0	0	0.422	0	0	0.048	0.443
lprD	pks12	83332.Rv1343c	83332.Rv2048c	0.070	0	0	0	0.423	0	0	0.048	0.444
lprD	mas	83332.Rv1343c	83332.Rv2940c	0.070	0	0	0	0.423	0	0	0.048	0.445
lprD	pks2	83332.Rv1343c	83332.Rv3825c	0.070	0	0	0	0.425	0	0	0.048	0.447
lysS	purH	83332.Rv3598c	83332.Rv0957	0.072	0	0	0	0.436	0	0	0	0.455
mas	ppiA	83332.Rv2940c	83332.Rv0009	0.072	0	0	0	0.106	0.910	0	0.127	0.926
mas	nrp	83332.Rv2940c	83332.Rv0101	0.544	0.003	0.535	0	0.793	0.721	0	0.590	0.994
mas	ptbB	83332.Rv2940c	83332.Rv0153c	0.052	0	0	0	0.063	0.382	0	0.098	0.439
mas	pks3	83332.Rv2940c	83332.Rv1180	0.093	0	0.060	0.974	0.069	0.408	0	0.102	0.501
mas	pks4	83332.Rv2940c	83332.Rv1181	0.544	0	0.061	0.972	0.284	0.795	0	0.443	0.958
mas	papA3	83332.Rv2940c	83332.Rv1182	0.158	0	0.195	0	0.469	0.721	0	0.265	0.912
mas	pks5	83332.Rv2940c	83332.Rv1527c	0.544	0	0.057	0.977	0.426	0.965	0	0.611	0.996
mas	papA4	83332.Rv2940c	83332.Rv1528c	0.157	0	0	0	0.456	0.642	0	0.167	0.845
mas	pks10	83332.Rv2940c	83332.Rv1660	0.093	0.006	0	0	0.078	0.371	0	0.280	0.570
mas	pks7	83332.Rv2940c	83332.Rv1661	0.544	0	0.239	0.729	0.283	0.795	0	0.439	0.966
mas	pks8	83332.Rv2940c	83332.Rv1662	0.190	0	0.227	0.745	0.103	0.791	0	0.308	0.904
mas	pks17	83332.Rv2940c	83332.Rv1663	0.186	0	0.303	0.642	0.405	0.233	0	0.407	0.818
mas	pks9	83332.Rv2940c	83332.Rv1664	0.093	0	0.238	0.731	0.061	0.408	0	0.098	0.590
mas	pks11	83332.Rv2940c	83332.Rv1665	0.093	0.006	0	0	0.076	0.371	0	0.280	0.570
mas	pks12	83332.Rv2940c	83332.Rv2048c	0.544	0	0.252	0.710	0.446	0.965	0	0.629	0.997
mas	qcrB	83332.Rv2940c	83332.Rv2196	0.043	0	0	0	0.059	0.881	0	0.168	0.899
mas	mbtH	83332.Rv2940c	83332.Rv2377c	0.148	0	0	0	0.259	0.410	0	0.292	0.700
mas	mbtF	83332.Rv2940c	83332.Rv2379c	0.158	0.007	0.451	0	0.466	0.721	0	0.179	0.933
mas	mbtE	83332.Rv2940c	83332.Rv2380c	0.526	0.034	0.482	0	0.648	0.721	0	0.407	0.983
mas	mbtD	83332.Rv2940c	83332.Rv2381c	0.093	0	0.329	0.606	0.056	0.408	0	0.104	0.640
mas	mbtC	83332.Rv2940c	83332.Rv2382c	0.093	0	0.150	0.851	0.056	0.408	0	0.135	0.559
mas	mbtB	83332.Rv2940c	83332.Rv2383c	0.544	0.015	0.435	0	0.937	0.721	0	0.760	0.998
mas	mbtA	83332.Rv2940c	83332.Rv2384	0.227	0.001	0	0	0.330	0.166	0	0.374	0.693
mas	ppiB	83332.Rv2940c	83332.Rv2582	0.072	0	0	0	0.101	0.910	0	0.127	0.925
mas	relA	83332.Rv2940c	83332.Rv2583c	0.072	0	0	0	0.065	0.405	0	0.134	0.493
mas	pepR	83332.Rv2940c	83332.Rv2782c	0.152	0	0	0	0.230	0.667	0	0.139	0.787
mas	tesA	83332.Rv2940c	83332.Rv2928	0.199	0.005	0.568	0	0.391	0	0	0.417	0.860
mas	ppsA	83332.Rv2940c	83332.Rv2931	0.210	0	0.284	0.668	0.507	0.414	0	0.424	0.888
mas	ppsB	83332.Rv2940c	83332.Rv2932	0.544	0	0.247	0.718	0.269	0.458	0	0.510	0.921
mas	ppsC	83332.Rv2940c	83332.Rv2933	0.544	0	0.180	0.810	0.456	0.965	0	0.614	0.996
mas	ppsD	83332.Rv2940c	83332.Rv2934	0.093	0	0.218	0.758	0.232	0.408	0	0.113	0.661
mas	ppsE	83332.Rv2940c	83332.Rv2935	0.093	0	0.309	0.630	0.285	0.408	0	0.147	0.733
mas	pks15	83332.Rv2940c	83332.Rv2947c	0.093	0	0.112	0.902	0.101	0.408	0	0.116	0.552
mas	phyA	83332.Rv2940c	83332.Rv3397c	0.071	0	0	0	0.238	0.137	0.554	0.321	0.781
mas	nuoG	83332.Rv2940c	83332.Rv3151	0.043	0	0	0	0.226	0.449	0.446	0.269	0.804
mas	nuoF	83332.Rv2940c	83332.Rv3150	0.051	0	0	0	0.231	0.449	0.446	0.268	0.807
mas	nuoE	83332.Rv2940c	83332.Rv3149	0.057	0	0	0	0.413	0.449	0.518	0.202	0.861
mas	papA1	83332.Rv2940c	83332.Rv3824c	0.158	0	0.205	0	0.467	0.721	0	0.243	0.911
mas	papA2	83332.Rv2940c	83332.Rv3820c	0.158	0	0.166	0	0.467	0.721	0	0.303	0.914
mas	nuoM	83332.Rv2940c	83332.Rv3157	0	0	0	0	0.100	0.884	0.561	0.168	0.956
mas	nuoH	83332.Rv2940c	83332.Rv3152	0.063	0	0	0	0.071	0.899	0.561	0.152	0.961
mas	nuoA	83332.Rv2940c	83332.Rv3145	0.054	0	0	0	0.089	0.899	0.561	0.175	0.962
mas	nuoN	83332.Rv2940c	83332.Rv3158	0.045	0	0	0	0.070	0.909	0.556	0.166	0.964
mas	nuoD	83332.Rv2940c	83332.Rv3148	0.047	0	0	0	0.187	0.905	0.564	0.266	0.972
mas	nuoB	83332.Rv2940c	83332.Rv3146	0.051	0	0	0	0.409	0.899	0.564	0.285	0.979
mas	pks13	83332.Rv2940c	83332.Rv3800c	0.544	0	0.304	0.639	0.806	0.414	0	0.702	0.987
mas	nuoC	83332.Rv2940c	83332.Rv3147	0.045	0	0	0	0.457	0.951	0.564	0.193	0.989
mas	nuoI	83332.Rv2940c	83332.Rv3153	0.069	0	0	0	0.413	0.953	0.564	0.284	0.990
mas	pks2	83332.Rv2940c	83332.Rv3825c	0.544	0	0.058	0.976	0.424	0.965	0	0.612	0.996
mbtA	nrp	83332.Rv2384	83332.Rv0101	0.158	0.080	0.259	0.605	0.653	0	0	0.149	0.800
mbtA	papA3	83332.Rv2384	83332.Rv1182	0.072	0	0	0	0.644	0	0	0.098	0.675
mbtA	pks5	83332.Rv2384	83332.Rv1527c	0.227	0.001	0	0	0.328	0.166	0	0.315	0.663
mbtA	papA4	83332.Rv2384	83332.Rv1528c	0.072	0	0	0	0.574	0	0	0.097	0.612
mbtA	pks17	83332.Rv2384	83332.Rv1663	0.104	0.063	0	0	0.335	0.166	0	0.148	0.531
mbtA	pks12	83332.Rv2384	83332.Rv2048c	0.227	0.001	0	0	0.330	0.166	0	0.315	0.664
mbtA	mbtH	83332.Rv2384	83332.Rv2377c	0.450	0	0.492	0	0.774	0	0	0.724	0.980
mbtA	mbtF	83332.Rv2384	83332.Rv2379c	0.380	0.188	0.297	0.607	0.685	0	0	0.379	0.918
mbtA	mbtE	83332.Rv2384	83332.Rv2380c	0.432	0	0.284	0.609	0.718	0	0	0.482	0.933
mbtA	mbtD	83332.Rv2384	83332.Rv2381c	0.559	0	0	0	0.208	0	0	0.814	0.929
mbtA	mbtC	83332.Rv2384	83332.Rv2382c	0.770	0.106	0	0	0.345	0	0	0.883	0.982
mbtA	mbtB	83332.Rv2384	83332.Rv2383c	0.783	0	0.316	0.609	0.999	0.699	0	0.760	0.999
mbtA	tesA	83332.Rv2384	83332.Rv2928	0.179	0	0.333	0	0.258	0	0	0.167	0.616
mbtA	pks2	83332.Rv2384	83332.Rv3825c	0.227	0.001	0	0	0.330	0.166	0	0.315	0.664
mbtA	ppsC	83332.Rv2384	83332.Rv2933	0.227	0.001	0	0	0.332	0.166	0	0.315	0.665
mbtA	papA2	83332.Rv2384	83332.Rv3820c	0.072	0	0	0	0.644	0	0	0.098	0.675
mbtA	papA1	83332.Rv2384	83332.Rv3824c	0.072	0	0	0	0.644	0	0	0.098	0.676
mbtA	pks13	83332.Rv2384	83332.Rv3800c	0.304	0	0	0	0.917	0	0	0.512	0.969
mbtB	nrp	83332.Rv2383c	83332.Rv0101	0.544	0	0.324	0.612	0.979	0	0	0.646	0.997
mbtB	pks3	83332.Rv2383c	83332.Rv1180	0.157	0.671	0.378	0	0.406	0.250	0	0.216	0.925
mbtB	pks4	83332.Rv2383c	83332.Rv1181	0.544	0	0.361	0	0.876	0.473	0	0.707	0.993
mbtB	papA3	83332.Rv2383c	83332.Rv1182	0.150	0	0	0	0.678	0	0	0.357	0.809
mbtB	pks5	83332.Rv2383c	83332.Rv1527c	0.544	0.010	0.437	0	0.937	0.721	0	0.745	0.998
mbtB	papA4	83332.Rv2383c	83332.Rv1528c	0.141	0	0	0	0.664	0	0	0.173	0.740
mbtB	pks7	83332.Rv2383c	83332.Rv1661	0.544	0.036	0.419	0	0.876	0.473	0	0.707	0.994
mbtB	pks8	83332.Rv2383c	83332.Rv1662	0.544	0.158	0.456	0	0.409	0.250	0	0.478	0.940
mbtB	pks17	83332.Rv2383c	83332.Rv1663	0.544	0.071	0.398	0	0.763	0.371	0	0.515	0.977
mbtB	pks9	83332.Rv2383c	83332.Rv1664	0.157	0.329	0.372	0	0.407	0.250	0	0.216	0.847
mbtB	pks12	83332.Rv2383c	83332.Rv2048c	0.544	0	0.313	0	0.937	0.721	0	0.745	0.998
mbtB	mbtH	83332.Rv2383c	83332.Rv2377c	0.755	0	0.650	0	0.970	0.564	0	0.864	0.999
mbtB	mbtF	83332.Rv2383c	83332.Rv2379c	0.720	0	0.327	0.608	0.910	0	0	0.514	0.990
mbtB	mbtE	83332.Rv2383c	83332.Rv2380c	0.755	0	0.322	0.615	0.991	0.260	0	0.718	0.999
mbtB	mbtD	83332.Rv2383c	83332.Rv2381c	0.800	0	0.504	0	0.897	0.250	0	0.859	0.998
mbtB	mbtC	83332.Rv2383c	83332.Rv2382c	0.882	0.697	0.351	0	0.913	0.250	0	0.942	0.999
mbtB	ppsD	83332.Rv2383c	83332.Rv2934	0.157	0.052	0.288	0	0.409	0.250	0	0.216	0.756
mbtB	papA2	83332.Rv2383c	83332.Rv3820c	0.150	0	0	0	0.678	0	0	0.266	0.781
mbtB	papA1	83332.Rv2383c	83332.Rv3824c	0.150	0	0	0	0.679	0	0	0.315	0.797
mbtB	ppsE	83332.Rv2383c	83332.Rv2935	0.157	0.265	0.336	0	0.409	0.250	0	0.216	0.823
mbtB	tesA	83332.Rv2383c	83332.Rv2928	0.158	0	0.220	0.728	0.784	0	0	0.312	0.889
mbtB	pks15	83332.Rv2383c	83332.Rv2947c	0.157	0.666	0.394	0	0.406	0.250	0	0.216	0.926
mbtB	ppsA	83332.Rv2383c	83332.Rv2931	0.544	0.034	0.367	0	0.876	0.473	0	0.591	0.990
mbtB	ppsB	83332.Rv2383c	83332.Rv2932	0.544	0.089	0.383	0	0.881	0.473	0	0.744	0.994
mbtB	pks2	83332.Rv2383c	83332.Rv3825c	0.544	0.010	0.438	0	0.937	0.721	0	0.763	0.998
mbtB	ppsC	83332.Rv2383c	83332.Rv2933	0.544	0.013	0.373	0	0.937	0.721	0	0.752	0.998
mbtB	pks13	83332.Rv2383c	83332.Rv3800c	0.544	0.015	0.225	0	0.999	0.473	0	0.745	0.999
mbtC	nrp	83332.Rv2382c	83332.Rv0101	0.093	0.338	0.482	0	0.427	0.250	0	0.098	0.851
mbtC	pks4	83332.Rv2382c	83332.Rv1181	0.072	0.681	0.742	0	0.056	0.180	0	0.135	0.937
mbtC	pks5	83332.Rv2382c	83332.Rv1527c	0.093	0	0.174	0.818	0.058	0.408	0	0.135	0.573
mbtC	pks17	83332.Rv2382c	83332.Rv1663	0.071	0.900	0.773	0	0.056	0.163	0	0.080	0.981
mbtC	pks12	83332.Rv2382c	83332.Rv2048c	0.093	0	0.108	0.907	0.056	0.408	0	0.135	0.538
mbtC	mbtH	83332.Rv2382c	83332.Rv2377c	0.613	0	0	0	0.252	0	0	0.765	0.926
mbtC	mbtF	83332.Rv2382c	83332.Rv2379c	0.721	0.465	0.454	0	0.810	0.250	0	0.815	0.997
mbtC	mbtE	83332.Rv2382c	83332.Rv2380c	0.695	0.753	0.506	0	0.848	0.250	0	0.882	0.999
mbtC	mbtD	83332.Rv2382c	83332.Rv2381c	0.773	0.132	0.773	0	0.860	0	0	0.806	0.998
mbtC	pks13	83332.Rv2382c	83332.Rv3800c	0.093	0	0.163	0.833	0.413	0	0	0.135	0.563
mbtC	ppsC	83332.Rv2382c	83332.Rv2933	0.093	0	0.166	0.829	0.061	0.408	0	0.135	0.570
mbtC	pks2	83332.Rv2382c	83332.Rv3825c	0.093	0	0.181	0.808	0.061	0.408	0	0.135	0.578
mbtC	tesA	83332.Rv2382c	83332.Rv2928	0.179	0.030	0.647	0	0.152	0	0	0.080	0.743
mbtD	nrp	83332.Rv2381c	83332.Rv0101	0.093	0	0.572	0	0.438	0.250	0	0.193	0.844
mbtD	pks3	83332.Rv2381c	83332.Rv1180	0	0.082	0.773	0	0	0	0	0	0.782
mbtD	pks4	83332.Rv2381c	83332.Rv1181	0.072	0	0.325	0.607	0.054	0.180	0	0.085	0.475
mbtD	papA3	83332.Rv2381c	83332.Rv1182	0.058	0	0.163	0	0.106	0.250	0	0.075	0.422
mbtD	pks5	83332.Rv2381c	83332.Rv1527c	0.093	0	0.329	0.607	0.058	0.408	0	0.098	0.638
mbtD	pks7	83332.Rv2381c	83332.Rv1661	0.072	0	0.323	0.614	0.059	0.180	0	0.085	0.476
mbtD	pks8	83332.Rv2381c	83332.Rv1662	0.047	0	0.327	0.609	0.055	0.180	0	0.046	0.440
mbtD	pks17	83332.Rv2381c	83332.Rv1663	0.071	0	0.322	0.613	0.056	0.163	0	0.080	0.459
mbtD	pks12	83332.Rv2381c	83332.Rv2048c	0.093	0	0.319	0.613	0.056	0.408	0	0.098	0.632
mbtD	mbtH	83332.Rv2381c	83332.Rv2377c	0.502	0	0	0	0.242	0	0	0.668	0.864
mbtD	mbtF	83332.Rv2381c	83332.Rv2379c	0.495	0	0.548	0	0.844	0.250	0	0.813	0.994
mbtD	mbtE	83332.Rv2381c	83332.Rv2380c	0.503	0	0.597	0	0.870	0.250	0	0.817	0.995
mbtD	ppsB	83332.Rv2381c	83332.Rv2932	0.072	0	0.323	0.614	0.052	0.134	0	0.084	0.442
mbtD	papA1	83332.Rv2381c	83332.Rv3824c	0.058	0	0.191	0	0.109	0.250	0	0.075	0.443
mbtD	pks13	83332.Rv2381c	83332.Rv3800c	0.093	0	0.327	0.605	0.413	0	0	0.108	0.637
mbtD	ppsC	83332.Rv2381c	83332.Rv2933	0.093	0	0.329	0.607	0.060	0.408	0	0.098	0.639
mbtD	pks2	83332.Rv2381c	83332.Rv3825c	0.093	0	0.329	0.606	0.059	0.408	0	0.098	0.639
mbtD	tesA	83332.Rv2381c	83332.Rv2928	0.068	0	0.644	0	0.152	0	0	0.080	0.706
mbtD	pks15	83332.Rv2381c	83332.Rv2947c	0	0.138	0.773	0	0	0	0	0	0.796
mbtE	ppiA	83332.Rv2380c	83332.Rv0009	0.044	0	0	0	0.088	0.399	0	0	0.430
mbtE	nrp	83332.Rv2380c	83332.Rv0101	0.157	0	0.307	0.636	0.661	0.260	0	0.193	0.860
mbtE	trcS	83332.Rv2380c	83332.Rv1032c	0.058	0	0	0	0.311	0.150	0	0.098	0.436
mbtE	pks3	83332.Rv2380c	83332.Rv1180	0.073	0.739	0.532	0	0.114	0.250	0	0.088	0.915
mbtE	pks4	83332.Rv2380c	83332.Rv1181	0.200	0.006	0.269	0	0.444	0.473	0	0.289	0.856
mbtE	papA3	83332.Rv2380c	83332.Rv1182	0.058	0	0	0	0.411	0.260	0	0.075	0.570
mbtE	pks5	83332.Rv2380c	83332.Rv1527c	0.526	0.027	0.472	0	0.649	0.721	0	0.407	0.982
mbtE	papA4	83332.Rv2380c	83332.Rv1528c	0.057	0	0	0	0.407	0.245	0	0.090	0.564
mbtE	pks7	83332.Rv2380c	83332.Rv1661	0.200	0.043	0.447	0	0.446	0.473	0	0.289	0.891
mbtE	pks8	83332.Rv2380c	83332.Rv1662	0.156	0.182	0.527	0	0.131	0.250	0	0.257	0.805
mbtE	pks17	83332.Rv2380c	83332.Rv1663	0.100	0.132	0.387	0	0.506	0.371	0	0.120	0.838
mbtE	pks9	83332.Rv2380c	83332.Rv1664	0.073	0.562	0.558	0	0.121	0.250	0	0.088	0.867
mbtE	pks12	83332.Rv2380c	83332.Rv2048c	0.526	0	0.359	0	0.649	0.721	0	0.447	0.980
mbtE	qcrB	83332.Rv2380c	83332.Rv2196	0	0	0	0	0.056	0.442	0	0.075	0.470
mbtE	mbtH	83332.Rv2380c	83332.Rv2377c	0.798	0	0.754	0	0.886	0.972	0	0.835	0.999
mbtE	mbtF	83332.Rv2380c	83332.Rv2379c	0.798	0	0.323	0.614	0.913	0.260	0	0.383	0.993
mbtE	ppiB	83332.Rv2380c	83332.Rv2582	0.044	0	0	0	0.088	0.399	0	0	0.430
mbtE	relA	83332.Rv2380c	83332.Rv2583c	0.046	0	0	0	0	0.405	0	0.095	0.441
mbtE	pepR	83332.Rv2380c	83332.Rv2782c	0.044	0	0	0	0.182	0.447	0	0.085	0.551
mbtE	papA2	83332.Rv2380c	83332.Rv3820c	0.058	0	0	0	0.410	0.260	0	0.075	0.568
mbtE	papA1	83332.Rv2380c	83332.Rv3824c	0.058	0	0	0	0.413	0.260	0	0.075	0.571
mbtE	phyA	83332.Rv2380c	83332.Rv3397c	0	0	0	0	0.059	0	0.554	0.166	0.619
mbtE	ppsE	83332.Rv2380c	83332.Rv2935	0.073	0.365	0.280	0.604	0.117	0.250	0	0.088	0.685
mbtE	ppsD	83332.Rv2380c	83332.Rv2934	0.073	0.090	0.547	0	0.120	0.250	0	0.088	0.716
mbtE	nuoF	83332.Rv2380c	83332.Rv3150	0	0	0	0	0.149	0.449	0.446	0.086	0.731
mbtE	nuoG	83332.Rv2380c	83332.Rv3151	0	0	0	0	0.172	0.449	0.446	0.108	0.744
mbtE	nuoH	83332.Rv2380c	83332.Rv3152	0.046	0	0	0	0.046	0.449	0.561	0	0.750
mbtE	nuoM	83332.Rv2380c	83332.Rv3157	0	0	0	0	0.066	0.449	0.561	0.072	0.762
mbtE	nuoA	83332.Rv2380c	83332.Rv3145	0	0	0	0	0.084	0.449	0.561	0.065	0.765
mbtE	nuoN	83332.Rv2380c	83332.Rv3158	0	0	0	0	0.055	0.449	0.556	0.120	0.769
mbtE	nuoD	83332.Rv2380c	83332.Rv3148	0	0	0	0	0.163	0.449	0.564	0.093	0.793
mbtE	nuoE	83332.Rv2380c	83332.Rv3149	0.046	0	0	0	0.408	0.449	0.518	0.068	0.834
mbtE	nuoC	83332.Rv2380c	83332.Rv3147	0	0	0	0	0.424	0.449	0.564	0.086	0.856
mbtE	nuoB	83332.Rv2380c	83332.Rv3146	0	0	0	0	0.402	0.449	0.564	0.180	0.866
mbtE	tesA	83332.Rv2380c	83332.Rv2928	0.111	0	0.734	0	0.415	0	0	0.158	0.867
mbtE	ppsA	83332.Rv2380c	83332.Rv2931	0.126	0.047	0.557	0	0.446	0.473	0	0.132	0.884
mbtE	nuoI	83332.Rv2380c	83332.Rv3153	0.046	0	0	0	0.400	0.449	0.564	0.309	0.887
mbtE	pks15	83332.Rv2380c	83332.Rv2947c	0.073	0.771	0.523	0	0.112	0.250	0	0.088	0.924
mbtE	ppsB	83332.Rv2380c	83332.Rv2932	0.207	0.128	0.584	0	0.451	0.473	0	0.280	0.926
mbtE	pks13	83332.Rv2380c	83332.Rv3800c	0.508	0.029	0.392	0	0.804	0.473	0	0.435	0.979
mbtE	pks2	83332.Rv2380c	83332.Rv3825c	0.526	0.024	0.476	0	0.650	0.721	0	0.407	0.983
mbtE	ppsC	83332.Rv2380c	83332.Rv2933	0.526	0.027	0.485	0	0.651	0.721	0	0.421	0.983
mbtF	nrp	83332.Rv2379c	83332.Rv0101	0.071	0	0.321	0.618	0.175	0	0	0.088	0.462
mbtF	pks3	83332.Rv2379c	83332.Rv1180	0.058	0.504	0.482	0	0.106	0.250	0	0.075	0.815
mbtF	pks4	83332.Rv2379c	83332.Rv1181	0.139	0.001	0.285	0	0.439	0.473	0	0.142	0.815
mbtF	pks5	83332.Rv2379c	83332.Rv1527c	0.158	0.008	0.445	0	0.469	0.721	0	0.179	0.932
mbtF	pks7	83332.Rv2379c	83332.Rv1661	0.139	0.024	0.398	0	0.441	0.473	0	0.142	0.845
mbtF	pks8	83332.Rv2379c	83332.Rv1662	0.073	0.117	0.474	0	0.112	0.250	0	0.095	0.680
mbtF	pks17	83332.Rv2379c	83332.Rv1663	0.072	0.094	0.385	0	0.426	0.371	0	0.092	0.791
mbtF	pks9	83332.Rv2379c	83332.Rv1664	0.058	0.312	0.508	0	0.116	0.250	0	0.075	0.759
mbtF	pks12	83332.Rv2379c	83332.Rv2048c	0.158	0.001	0.346	0	0.469	0.721	0	0.179	0.920
mbtF	mbtH	83332.Rv2379c	83332.Rv2377c	0.833	0	0.763	0	0.867	0.564	0	0.847	0.999
mbtF	ppsE	83332.Rv2379c	83332.Rv2935	0.058	0	0.241	0.605	0.109	0.250	0	0.075	0.478
mbtF	ppsD	83332.Rv2379c	83332.Rv2934	0.058	0.037	0.481	0	0.112	0.250	0	0.075	0.644
mbtF	tesA	83332.Rv2379c	83332.Rv2928	0.071	0	0.701	0	0.239	0	0	0.090	0.781
mbtF	pks15	83332.Rv2379c	83332.Rv2947c	0.058	0.514	0.469	0	0.104	0.250	0	0.075	0.813
mbtF	ppsA	83332.Rv2379c	83332.Rv2931	0.073	0.021	0.501	0	0.441	0.473	0	0.133	0.860
mbtF	ppsB	83332.Rv2379c	83332.Rv2932	0.129	0.060	0.505	0	0.442	0.473	0	0.138	0.873
mbtF	pks13	83332.Rv2379c	83332.Rv3800c	0.158	0.008	0.347	0	0.659	0.473	0	0.269	0.914
mbtF	ppsC	83332.Rv2379c	83332.Rv2933	0.158	0.006	0.434	0	0.471	0.721	0	0.179	0.931
mbtF	pks2	83332.Rv2379c	83332.Rv3825c	0.158	0.007	0.449	0	0.469	0.721	0	0.179	0.933
mbtH	nrp	83332.Rv2377c	83332.Rv0101	0.158	0	0.753	0	0.431	0.564	0	0.269	0.955
mbtH	pks4	83332.Rv2377c	83332.Rv1181	0.127	0	0	0	0.185	0.410	0	0.163	0.601
mbtH	papA3	83332.Rv2377c	83332.Rv1182	0.072	0	0	0	0.423	0.564	0	0.098	0.761
mbtH	pks5	83332.Rv2377c	83332.Rv1527c	0.148	0	0	0	0.261	0.410	0	0.292	0.701
mbtH	papA4	83332.Rv2377c	83332.Rv1528c	0.072	0	0	0	0.419	0.475	0	0.097	0.710
mbtH	pks7	83332.Rv2377c	83332.Rv1661	0.127	0	0	0	0.189	0.410	0	0.163	0.603
mbtH	pks17	83332.Rv2377c	83332.Rv1663	0.093	0	0	0	0.263	0.410	0	0.138	0.614
mbtH	pks12	83332.Rv2377c	83332.Rv2048c	0.148	0	0	0	0.261	0.410	0	0.292	0.701
mbtH	ppsA	83332.Rv2377c	83332.Rv2931	0.117	0	0	0	0.187	0.410	0	0.154	0.594
mbtH	ppsB	83332.Rv2377c	83332.Rv2932	0.120	0	0	0	0.187	0.410	0	0.165	0.600
mbtH	ppsC	83332.Rv2377c	83332.Rv2933	0.148	0	0	0	0.263	0.410	0	0.292	0.702
mbtH	pks2	83332.Rv2377c	83332.Rv3825c	0.148	0	0	0	0.262	0.410	0	0.292	0.702
mbtH	tesA	83332.Rv2377c	83332.Rv2928	0.148	0	0.598	0	0.246	0	0	0.162	0.754
mbtH	papA2	83332.Rv2377c	83332.Rv3820c	0.072	0	0	0	0.422	0.564	0	0.098	0.760
mbtH	papA1	83332.Rv2377c	83332.Rv3824c	0.072	0	0	0	0.425	0.564	0	0.098	0.762
mbtH	pks13	83332.Rv2377c	83332.Rv3800c	0.400	0	0	0	0.915	0.999	0	0.496	0.999
nrp	ppsD	83332.Rv0101	83332.Rv2934	0.093	0.025	0.513	0	0.415	0.250	0	0.235	0.824
nrp	ppsE	83332.Rv0101	83332.Rv2935	0.093	0.200	0.594	0	0.415	0.250	0	0.098	0.856
nrp	pks9	83332.Rv0101	83332.Rv1664	0.093	0.261	0.580	0	0.427	0.250	0	0.098	0.865
nrp	pks8	83332.Rv0101	83332.Rv1662	0.153	0.089	0.565	0	0.420	0.250	0	0.274	0.869
nrp	tesA	83332.Rv0101	83332.Rv2928	0.151	0	0.710	0	0.445	0	0	0.172	0.871
nrp	pks17	83332.Rv0101	83332.Rv1663	0.154	0.033	0.439	0	0.511	0.371	0	0.268	0.873
nrp	pks3	83332.Rv0101	83332.Rv1180	0.093	0.390	0.548	0	0.413	0.250	0	0.098	0.877
nrp	pks15	83332.Rv0101	83332.Rv2947c	0.093	0.422	0.538	0	0.412	0.250	0	0.098	0.881
nrp	ppsA	83332.Rv0101	83332.Rv2931	0.173	0.012	0.562	0	0.767	0.473	0	0.321	0.964
nrp	pks4	83332.Rv0101	83332.Rv1181	0.399	0	0.367	0	0.766	0.473	0	0.424	0.968
nrp	pks7	83332.Rv0101	83332.Rv1661	0.399	0.007	0.498	0	0.772	0.473	0	0.424	0.975
nrp	ppsB	83332.Rv0101	83332.Rv2932	0.527	0.051	0.563	0	0.768	0.473	0	0.501	0.985
nrp	ppsC	83332.Rv0101	83332.Rv2933	0.544	0.001	0.503	0	0.793	0.721	0	0.616	0.994
nrp	pks12	83332.Rv0101	83332.Rv2048c	0.544	0	0.444	0	0.793	0.721	0	0.661	0.994
nrp	pks5	83332.Rv0101	83332.Rv1527c	0.544	0.002	0.529	0	0.793	0.721	0	0.590	0.994
nrp	pks2	83332.Rv0101	83332.Rv3825c	0.544	0.002	0.531	0	0.794	0.721	0	0.617	0.994
nrp	pks13	83332.Rv0101	83332.Rv3800c	0.544	0.004	0.368	0	0.983	0.473	0	0.586	0.998
nuoA	ppiA	83332.Rv3145	83332.Rv0009	0	0	0	0	0.105	0.618	0	0	0.643
nuoA	ptbB	83332.Rv3145	83332.Rv0153c	0.043	0	0	0	0	0.798	0	0	0.798
nuoA	trcR	83332.Rv3145	83332.Rv1033c	0.045	0	0	0	0.047	0.423	0	0	0.429
nuoA	pks4	83332.Rv3145	83332.Rv1181	0.045	0	0	0	0.089	0.449	0.561	0.115	0.779
nuoA	pks5	83332.Rv3145	83332.Rv1527c	0.054	0	0	0	0.089	0.899	0.561	0.175	0.962
nuoA	pks7	83332.Rv3145	83332.Rv1661	0.045	0	0	0	0.094	0.449	0.561	0.115	0.781
nuoA	pks17	83332.Rv3145	83332.Rv1663	0	0	0	0	0.094	0.899	0.561	0.095	0.958
nuoA	pks12	83332.Rv3145	83332.Rv2048c	0.054	0	0	0	0.097	0.899	0.561	0.175	0.963
nuoA	qcrB	83332.Rv3145	83332.Rv2196	0.063	0	0	0	0.416	0.902	0	0.266	0.955
nuoA	ppiB	83332.Rv3145	83332.Rv2582	0	0	0	0	0.078	0.618	0	0	0.632
nuoA	pepR	83332.Rv3145	83332.Rv2782c	0	0	0	0	0.055	0.882	0	0.052	0.885
nuoA	ppsA	83332.Rv3145	83332.Rv2931	0	0	0	0	0.086	0.449	0.561	0	0.759
nuoA	ppsB	83332.Rv3145	83332.Rv2932	0.070	0	0	0	0.084	0.449	0.561	0.075	0.774
nuoA	ppsC	83332.Rv3145	83332.Rv2933	0.054	0	0	0	0.086	0.899	0.561	0.175	0.962
nuoA	phyA	83332.Rv3145	83332.Rv3397c	0	0	0	0	0	0	0.583	0.079	0.599
nuoA	pks13	83332.Rv3145	83332.Rv3800c	0.043	0	0	0	0.089	0.449	0.561	0	0.761
nuoA	pks2	83332.Rv3145	83332.Rv3825c	0.054	0	0	0	0.089	0.899	0.561	0.175	0.962
nuoA	nuoH	83332.Rv3145	83332.Rv3152	0.762	0	0.774	0	0.972	0.997	0.803	0.689	0.999
nuoA	nuoI	83332.Rv3145	83332.Rv3153	0.762	0	0.754	0	0.979	0.928	0.731	0.393	0.999
nuoA	nuoB	83332.Rv3145	83332.Rv3146	0.878	0	0.762	0	0.972	0.997	0.731	0.629	0.999
nuoA	nuoE	83332.Rv3145	83332.Rv3149	0.878	0	0.171	0	0.937	0.928	0.620	0.643	0.999
nuoA	nuoN	83332.Rv3145	83332.Rv3158	0.758	0	0.773	0	0.943	0.997	0.747	0.819	0.999
nuoA	nuoC	83332.Rv3145	83332.Rv3147	0.878	0	0.765	0	0.968	0.928	0.731	0.266	0.999
nuoA	nuoG	83332.Rv3145	83332.Rv3151	0.878	0	0.314	0	0.883	0.928	0.583	0.661	0.999
nuoA	nuoM	83332.Rv3145	83332.Rv3157	0.758	0	0.772	0	0.877	0.928	0.803	0.685	0.999
nuoA	nuoF	83332.Rv3145	83332.Rv3150	0.878	0	0.188	0	0.926	0.928	0.583	0.518	0.999
nuoA	nuoD	83332.Rv3145	83332.Rv3148	0.878	0	0.769	0	0.967	0.997	0.731	0.266	0.999
nuoB	ppiA	83332.Rv3146	83332.Rv0009	0	0	0	0	0.200	0.618	0	0	0.681
nuoB	ptbB	83332.Rv3146	83332.Rv0153c	0.043	0	0	0	0.044	0.798	0	0	0.799
nuoB	trcR	83332.Rv3146	83332.Rv1033c	0.044	0	0	0	0.047	0.423	0	0	0.428
nuoB	pks4	83332.Rv3146	83332.Rv1181	0.044	0	0	0	0.407	0.449	0.564	0.226	0.875
nuoB	pks5	83332.Rv3146	83332.Rv1527c	0.051	0	0	0	0.407	0.899	0.564	0.285	0.979
nuoB	pks7	83332.Rv3146	83332.Rv1661	0.044	0	0	0	0.409	0.449	0.564	0.173	0.867
nuoB	pks17	83332.Rv3146	83332.Rv1663	0.043	0	0	0	0.408	0.899	0.564	0.099	0.973
nuoB	pks12	83332.Rv3146	83332.Rv2048c	0.051	0	0	0	0.412	0.899	0.564	0.285	0.979
nuoB	qcrB	83332.Rv3146	83332.Rv2196	0.043	0	0	0	0.300	0.901	0	0.195	0.939
nuoB	ppiB	83332.Rv3146	83332.Rv2582	0	0	0	0	0.187	0.618	0	0	0.676
nuoB	pepR	83332.Rv3146	83332.Rv2782c	0.046	0	0	0	0.388	0.894	0	0.117	0.938
nuoB	ppsA	83332.Rv3146	83332.Rv2931	0	0	0	0	0.405	0.449	0.564	0.134	0.859
nuoB	ppsB	83332.Rv3146	83332.Rv2932	0.067	0	0	0	0.403	0.449	0.564	0.152	0.866
nuoB	ppsC	83332.Rv3146	83332.Rv2933	0.051	0	0	0	0.407	0.899	0.564	0.285	0.979
nuoB	phyA	83332.Rv3146	83332.Rv3397c	0	0	0	0	0.069	0	0.727	0.083	0.746
nuoB	pks13	83332.Rv3146	83332.Rv3800c	0.042	0	0	0	0.405	0.449	0.564	0.094	0.853
nuoB	pks2	83332.Rv3146	83332.Rv3825c	0.051	0	0	0	0.407	0.899	0.564	0.285	0.979
nuoB	nuoG	83332.Rv3146	83332.Rv3151	0.880	0	0.236	0	0.957	0.997	0.894	0.448	0.999
nuoB	nuoN	83332.Rv3146	83332.Rv3158	0.759	0	0.757	0	0.948	0.928	0.666	0.713	0.999
nuoB	nuoC	83332.Rv3146	83332.Rv3147	0.882	0	0.761	0	0.957	0.997	0.844	0.266	0.999
nuoB	nuoE	83332.Rv3146	83332.Rv3149	0.882	0	0.199	0	0.967	0.928	0.799	0.564	0.999
nuoB	nuoI	83332.Rv3146	83332.Rv3153	0.686	0	0.771	0	0.979	0.997	0.925	0.318	0.999
nuoB	nuoH	83332.Rv3146	83332.Rv3152	0.720	0	0.770	0	0.980	0.997	0.731	0.266	0.999
nuoB	nuoM	83332.Rv3146	83332.Rv3157	0.759	0	0.744	0	0.940	0.928	0.870	0.266	0.999
nuoB	nuoD	83332.Rv3146	83332.Rv3148	0.882	0.900	0.774	0	0.979	0.997	0.844	0.509	0.999
nuoB	nuoF	83332.Rv3146	83332.Rv3150	0.880	0	0.222	0	0.957	0.928	0.799	0.266	0.999
nuoC	ppiA	83332.Rv3147	83332.Rv0009	0	0	0	0	0.123	0.482	0	0	0.526
nuoC	ptbB	83332.Rv3147	83332.Rv0153c	0.043	0	0	0	0.044	0.782	0	0	0.783
nuoC	trcR	83332.Rv3147	83332.Rv1033c	0.044	0	0	0	0.047	0.423	0	0	0.428
nuoC	pks4	83332.Rv3147	83332.Rv1181	0.043	0	0	0	0.450	0.472	0.564	0.254	0.893
nuoC	pks5	83332.Rv3147	83332.Rv1527c	0.045	0	0	0	0.457	0.951	0.564	0.193	0.989
nuoC	pks7	83332.Rv3147	83332.Rv1661	0.043	0	0	0	0.447	0.472	0.564	0.202	0.885
nuoC	pks17	83332.Rv3147	83332.Rv1663	0	0	0	0	0.435	0.897	0.564	0.098	0.974
nuoC	pks12	83332.Rv3147	83332.Rv2048c	0.045	0	0	0	0.460	0.951	0.564	0.246	0.990
nuoC	qcrB	83332.Rv3147	83332.Rv2196	0.048	0	0	0	0.243	0.903	0	0.266	0.941
nuoC	ppiB	83332.Rv3147	83332.Rv2582	0	0	0	0	0.120	0.482	0	0	0.524
nuoC	pepR	83332.Rv3147	83332.Rv2782c	0	0	0	0	0.489	0.891	0	0.130	0.947
nuoC	ppsA	83332.Rv3147	83332.Rv2931	0	0	0	0	0.427	0.472	0.564	0.078	0.862
nuoC	ppsB	83332.Rv3147	83332.Rv2932	0.065	0	0	0	0.470	0.472	0.564	0.078	0.875
nuoC	ppsC	83332.Rv3147	83332.Rv2933	0.045	0	0	0	0.454	0.951	0.564	0.193	0.989
nuoC	phyA	83332.Rv3147	83332.Rv3397c	0	0	0	0	0.064	0.153	0.727	0.167	0.795
nuoC	pks13	83332.Rv3147	83332.Rv3800c	0	0	0	0	0.429	0.472	0.564	0.091	0.864
nuoC	pks2	83332.Rv3147	83332.Rv3825c	0.045	0	0	0	0.457	0.951	0.564	0.281	0.990
nuoC	nuoF	83332.Rv3147	83332.Rv3150	0.880	0	0.342	0	0.955	0.928	0.583	0.506	0.999
nuoC	nuoD	83332.Rv3147	83332.Rv3148	0.882	0.138	0.773	0	0.966	0.997	0.844	0.266	0.999
nuoC	nuoM	83332.Rv3147	83332.Rv3157	0.759	0	0.753	0	0.864	0.928	0.731	0.394	0.999
nuoC	nuoE	83332.Rv3147	83332.Rv3149	0.882	0	0.523	0	0.967	0.928	0.583	0.810	0.999
nuoC	nuoI	83332.Rv3147	83332.Rv3153	0.691	0	0.772	0	0.889	0.997	0.844	0.641	0.999
nuoC	nuoH	83332.Rv3147	83332.Rv3152	0.721	0	0.769	0	0.954	0.997	0.731	0.686	0.999
nuoC	nuoG	83332.Rv3147	83332.Rv3151	0.880	0	0.741	0	0.965	0.997	0.781	0.392	0.999
nuoC	nuoN	83332.Rv3147	83332.Rv3158	0.759	0	0.768	0	0.853	0.928	0.666	0.741	0.999
nuoD	ppiA	83332.Rv3148	83332.Rv0009	0	0	0	0	0.120	0.599	0	0.076	0.645
nuoD	ptbB	83332.Rv3148	83332.Rv0153c	0.043	0	0	0	0.044	0.793	0	0	0.794
nuoD	pks4	83332.Rv3148	83332.Rv1181	0.043	0	0	0	0.179	0.449	0.564	0.163	0.813
nuoD	pks5	83332.Rv3148	83332.Rv1527c	0.047	0	0	0	0.184	0.905	0.564	0.266	0.972
nuoD	pks7	83332.Rv3148	83332.Rv1661	0.043	0	0	0	0.178	0.449	0.564	0.163	0.813
nuoD	pks17	83332.Rv3148	83332.Rv1663	0.041	0	0	0	0.184	0.905	0.564	0.098	0.965
nuoD	pks12	83332.Rv3148	83332.Rv2048c	0.047	0	0	0	0.190	0.905	0.564	0.266	0.972
nuoD	qcrB	83332.Rv3148	83332.Rv2196	0	0	0	0	0.259	0.902	0	0.266	0.942
nuoD	ppiB	83332.Rv3148	83332.Rv2582	0	0	0	0	0.105	0.599	0	0.076	0.639
nuoD	pepR	83332.Rv3148	83332.Rv2782c	0	0	0	0	0.594	0.895	0	0.206	0.963
nuoD	ppsA	83332.Rv3148	83332.Rv2931	0	0	0	0	0.167	0.449	0.564	0.088	0.793
nuoD	ppsB	83332.Rv3148	83332.Rv2932	0.065	0	0	0	0.207	0.449	0.564	0.139	0.818
nuoD	ppsC	83332.Rv3148	83332.Rv2933	0.047	0	0	0	0.183	0.905	0.564	0.266	0.972
nuoD	phyA	83332.Rv3148	83332.Rv3397c	0	0	0	0	0.084	0	0.727	0.102	0.756
nuoD	pks13	83332.Rv3148	83332.Rv3800c	0	0	0	0	0.174	0.449	0.564	0.099	0.797
nuoD	pks2	83332.Rv3148	83332.Rv3825c	0.047	0	0	0	0.187	0.905	0.564	0.266	0.972
nuoD	nuoF	83332.Rv3148	83332.Rv3150	0.880	0	0.294	0	0.967	0.928	0.583	0.426	0.999
nuoD	nuoM	83332.Rv3148	83332.Rv3157	0.759	0	0.760	0	0.882	0.928	0.731	0.686	0.999
nuoD	nuoH	83332.Rv3148	83332.Rv3152	0.724	0	0.772	0	0.983	0.997	0.731	0.598	0.999
nuoD	nuoI	83332.Rv3148	83332.Rv3153	0.696	0	0.773	0	0.984	0.997	0.844	0.437	0.999
nuoD	nuoE	83332.Rv3148	83332.Rv3149	0.882	0.620	0.272	0	0.968	0.928	0.583	0.518	0.999
nuoD	nuoN	83332.Rv3148	83332.Rv3158	0.759	0	0.767	0	0.947	0.928	0.666	0.266	0.999
nuoD	nuoG	83332.Rv3148	83332.Rv3151	0.880	0	0.574	0	0.968	0.997	0.781	0.266	0.999
nuoE	trcR	83332.Rv3149	83332.Rv1033c	0.045	0	0	0	0.050	0.382	0	0.082	0.416
nuoE	pks4	83332.Rv3149	83332.Rv1181	0.055	0	0	0	0.418	0.449	0.518	0.227	0.866
nuoE	pks5	83332.Rv3149	83332.Rv1527c	0.057	0	0	0	0.413	0.449	0.518	0.202	0.861
nuoE	pks7	83332.Rv3149	83332.Rv1661	0.055	0	0	0	0.416	0.449	0.518	0.160	0.854
nuoE	pks17	83332.Rv3149	83332.Rv1663	0.046	0	0	0	0.415	0.449	0.518	0.094	0.841
nuoE	pks12	83332.Rv3149	83332.Rv2048c	0.057	0	0	0	0.418	0.449	0.518	0.222	0.866
nuoE	qcrB	83332.Rv3149	83332.Rv2196	0.048	0	0	0	0.089	0.902	0	0.253	0.928
nuoE	pepR	83332.Rv3149	83332.Rv2782c	0	0	0	0	0.638	0.915	0	0.099	0.969
nuoE	ppsA	83332.Rv3149	83332.Rv2931	0.046	0	0	0	0.410	0.449	0.518	0.076	0.836
nuoE	ppsB	83332.Rv3149	83332.Rv2932	0.052	0	0	0	0.408	0.449	0.518	0.076	0.837
nuoE	ppsC	83332.Rv3149	83332.Rv2933	0.057	0	0	0	0.411	0.449	0.518	0.202	0.861
nuoE	phyA	83332.Rv3149	83332.Rv3397c	0	0	0	0	0.044	0	0.581	0.080	0.599
nuoE	pks13	83332.Rv3149	83332.Rv3800c	0.063	0	0	0	0.412	0.449	0.518	0.076	0.840
nuoE	pks2	83332.Rv3149	83332.Rv3825c	0.057	0	0	0	0.418	0.449	0.518	0.307	0.880
nuoE	nuoN	83332.Rv3149	83332.Rv3158	0.759	0	0.223	0	0.663	0.928	0.606	0.371	0.998
nuoE	nuoI	83332.Rv3149	83332.Rv3153	0.704	0	0.653	0	0.968	0.928	0.799	0.603	0.999
nuoE	nuoH	83332.Rv3149	83332.Rv3152	0.726	0	0.160	0	0.962	0.928	0.620	0.590	0.999
nuoE	nuoG	83332.Rv3149	83332.Rv3151	0.880	0	0.770	0	0.976	0.997	0.838	0.774	0.999
nuoE	nuoF	83332.Rv3149	83332.Rv3150	0.880	0.675	0.774	0	0.976	0.997	0.837	0.851	0.999
nuoE	nuoM	83332.Rv3149	83332.Rv3157	0.759	0	0	0	0.951	0.928	0.817	0.658	0.999
nuoF	trcR	83332.Rv3150	83332.Rv1033c	0.048	0	0	0	0.055	0.382	0	0.076	0.417
nuoF	pks4	83332.Rv3150	83332.Rv1181	0.045	0	0	0	0.242	0.449	0.446	0.248	0.803
nuoF	pks5	83332.Rv3150	83332.Rv1527c	0.051	0	0	0	0.228	0.449	0.446	0.268	0.806
nuoF	pks7	83332.Rv3150	83332.Rv1661	0.045	0	0	0	0.235	0.449	0.446	0.157	0.777
nuoF	pks17	83332.Rv3150	83332.Rv1663	0.043	0	0	0	0.164	0.449	0.446	0.100	0.740
nuoF	pks12	83332.Rv3150	83332.Rv2048c	0.051	0	0	0	0.235	0.449	0.446	0.348	0.829
nuoF	qcrB	83332.Rv3150	83332.Rv2196	0	0	0	0	0.171	0.902	0	0.172	0.926
nuoF	pepR	83332.Rv3150	83332.Rv2782c	0	0	0	0	0.701	0.917	0	0.154	0.977
nuoF	ppsA	83332.Rv3150	83332.Rv2931	0	0	0	0	0.152	0.449	0.446	0.081	0.730
nuoF	ppsB	83332.Rv3150	83332.Rv2932	0.043	0	0	0	0.149	0.449	0.446	0.083	0.730
nuoF	ppsC	83332.Rv3150	83332.Rv2933	0.051	0	0	0	0.228	0.449	0.446	0.268	0.806
nuoF	phyA	83332.Rv3150	83332.Rv3397c	0.043	0	0	0	0.047	0	0.581	0.087	0.604
nuoF	pks13	83332.Rv3150	83332.Rv3800c	0.043	0	0	0	0.156	0.449	0.446	0.081	0.732
nuoF	pks2	83332.Rv3150	83332.Rv3825c	0.051	0	0	0	0.240	0.449	0.446	0.345	0.829
nuoF	nuoM	83332.Rv3150	83332.Rv3157	0.759	0	0.151	0	0.949	0.928	0.799	0.474	0.999
nuoF	nuoG	83332.Rv3150	83332.Rv3151	0.880	0	0.759	0	0.976	0.997	0.830	0.839	0.999
nuoF	nuoN	83332.Rv3150	83332.Rv3158	0.759	0	0.210	0	0.806	0.928	0.566	0.454	0.999
nuoF	nuoI	83332.Rv3150	83332.Rv3153	0.699	0	0.620	0	0.967	0.928	0.799	0.500	0.999
nuoF	nuoH	83332.Rv3150	83332.Rv3152	0.725	0	0.152	0	0.952	0.928	0.583	0.584	0.999
nuoG	trcR	83332.Rv3151	83332.Rv1033c	0.045	0	0	0	0.054	0.423	0	0.099	0.467
nuoG	pks4	83332.Rv3151	83332.Rv1181	0.042	0	0	0	0.193	0.449	0.446	0.172	0.769
nuoG	pks5	83332.Rv3151	83332.Rv1527c	0.043	0	0	0	0.220	0.449	0.446	0.269	0.803
nuoG	pks7	83332.Rv3151	83332.Rv1661	0.042	0	0	0	0.193	0.449	0.446	0.154	0.764
nuoG	pks17	83332.Rv3151	83332.Rv1663	0	0	0	0	0.196	0.449	0.446	0.119	0.755
nuoG	pks12	83332.Rv3151	83332.Rv2048c	0.043	0	0	0	0.238	0.449	0.446	0.286	0.812
nuoG	qcrB	83332.Rv3151	83332.Rv2196	0.055	0	0	0	0.156	0.902	0	0.220	0.930
nuoG	pepR	83332.Rv3151	83332.Rv2782c	0.043	0	0	0	0.664	0.916	0	0.160	0.974
nuoG	ppsA	83332.Rv3151	83332.Rv2931	0	0	0	0	0.176	0.449	0.446	0.083	0.738
nuoG	ppsB	83332.Rv3151	83332.Rv2932	0	0	0	0	0.171	0.449	0.446	0.084	0.737
nuoG	ppsC	83332.Rv3151	83332.Rv2933	0.043	0	0	0	0.222	0.449	0.446	0.269	0.803
nuoG	phyA	83332.Rv3151	83332.Rv3397c	0	0	0	0	0.068	0	0.581	0.088	0.613
nuoG	pks13	83332.Rv3151	83332.Rv3800c	0.043	0	0	0	0.180	0.449	0.446	0.156	0.761
nuoG	pks2	83332.Rv3151	83332.Rv3825c	0.043	0	0	0	0.227	0.449	0.446	0.395	0.838
nuoG	nuoM	83332.Rv3151	83332.Rv3157	0.759	0	0.261	0	0.970	0.928	0.799	0.450	0.999
nuoG	nuoN	83332.Rv3151	83332.Rv3158	0.759	0	0.392	0	0.952	0.928	0.566	0.803	0.999
nuoG	nuoH	83332.Rv3151	83332.Rv3152	0.764	0	0.311	0	0.964	0.928	0.583	0.358	0.999
nuoG	nuoI	83332.Rv3151	83332.Rv3153	0.764	0	0.744	0	0.974	0.997	0.894	0.328	0.999
nuoH	ppiA	83332.Rv3152	83332.Rv0009	0	0	0	0	0.159	0.618	0	0	0.665
nuoH	ptbB	83332.Rv3152	83332.Rv0153c	0.043	0	0	0	0	0.798	0	0	0.798
nuoH	pks4	83332.Rv3152	83332.Rv1181	0.049	0	0	0	0.075	0.449	0.561	0.132	0.781
nuoH	pks5	83332.Rv3152	83332.Rv1527c	0.063	0	0	0	0.071	0.899	0.561	0.152	0.961
nuoH	pks7	83332.Rv3152	83332.Rv1661	0.049	0	0	0	0.079	0.449	0.561	0.106	0.776
nuoH	pks17	83332.Rv3152	83332.Rv1663	0.054	0	0	0	0.064	0.899	0.561	0.076	0.957
nuoH	pks12	83332.Rv3152	83332.Rv2048c	0.063	0	0	0	0.097	0.899	0.561	0.190	0.964
nuoH	qcrB	83332.Rv3152	83332.Rv2196	0.048	0	0	0	0.854	0.894	0	0.266	0.987
nuoH	ppiB	83332.Rv3152	83332.Rv2582	0	0	0	0	0.142	0.618	0	0	0.658
nuoH	pepR	83332.Rv3152	83332.Rv2782c	0.043	0	0	0	0.068	0.868	0	0.093	0.878
nuoH	ppsA	83332.Rv3152	83332.Rv2931	0.044	0	0	0	0.047	0.449	0.561	0	0.750
nuoH	ppsB	83332.Rv3152	83332.Rv2932	0.072	0	0	0	0.046	0.449	0.561	0	0.757
nuoH	ppsC	83332.Rv3152	83332.Rv2933	0.063	0	0	0	0.071	0.899	0.561	0.152	0.961
nuoH	pks13	83332.Rv3152	83332.Rv3800c	0.058	0	0	0	0.051	0.449	0.561	0	0.754
nuoH	phyA	83332.Rv3152	83332.Rv3397c	0	0	0	0	0.087	0	0.844	0.092	0.859
nuoH	pks2	83332.Rv3152	83332.Rv3825c	0.063	0	0	0	0.078	0.899	0.561	0.172	0.962
nuoH	nuoM	83332.Rv3152	83332.Rv3157	0.873	0	0.773	0	0.973	0.928	0.803	0.853	0.999
nuoH	nuoI	83332.Rv3152	83332.Rv3153	0.880	0.633	0.758	0	0.976	0.997	0.731	0.744	0.999
nuoH	nuoN	83332.Rv3152	83332.Rv3158	0.873	0	0.773	0	0.969	0.928	0.747	0.734	0.999
nuoI	ppiA	83332.Rv3153	83332.Rv0009	0.044	0	0	0	0.174	0.599	0	0	0.656
nuoI	ptbB	83332.Rv3153	83332.Rv0153c	0.043	0	0	0	0.043	0.793	0	0	0.793
nuoI	trcR	83332.Rv3153	83332.Rv1033c	0.043	0	0	0	0.047	0.423	0	0.077	0.449
nuoI	pks4	83332.Rv3153	83332.Rv1181	0.054	0	0	0	0.415	0.473	0.564	0.162	0.874
nuoI	pks5	83332.Rv3153	83332.Rv1527c	0.069	0	0	0	0.413	0.953	0.564	0.284	0.990
nuoI	pks7	83332.Rv3153	83332.Rv1661	0.054	0	0	0	0.417	0.473	0.564	0.162	0.874
nuoI	pks17	83332.Rv3153	83332.Rv1663	0.049	0	0	0	0.413	0.898	0.564	0.134	0.974
nuoI	pks12	83332.Rv3153	83332.Rv2048c	0.069	0	0	0	0.426	0.953	0.564	0.284	0.990
nuoI	qcrB	83332.Rv3153	83332.Rv2196	0.100	0	0	0	0.654	0.903	0	0.266	0.974
nuoI	ppiB	83332.Rv3153	83332.Rv2582	0.044	0	0	0	0.145	0.599	0	0	0.643
nuoI	relA	83332.Rv3153	83332.Rv2583c	0.062	0	0	0	0.404	0.151	0	0	0.484
nuoI	pepR	83332.Rv3153	83332.Rv2782c	0.112	0	0	0	0.652	0.915	0	0.100	0.973
nuoI	ppsA	83332.Rv3153	83332.Rv2931	0.043	0	0	0	0.402	0.473	0.564	0.086	0.857
nuoI	ppsB	83332.Rv3153	83332.Rv2932	0.070	0	0	0	0.403	0.473	0.564	0.099	0.864
nuoI	ppsC	83332.Rv3153	83332.Rv2933	0.069	0	0	0	0.414	0.953	0.564	0.284	0.990
nuoI	phyA	83332.Rv3153	83332.Rv3397c	0	0	0	0	0.134	0	0.727	0.092	0.766
nuoI	pks13	83332.Rv3153	83332.Rv3800c	0.070	0	0	0	0.402	0.473	0.564	0.086	0.861
nuoI	pks2	83332.Rv3153	83332.Rv3825c	0.069	0	0	0	0.417	0.953	0.564	0.284	0.990
nuoI	nuoN	83332.Rv3153	83332.Rv3158	0.873	0	0.744	0	0.962	0.928	0.666	0.494	0.999
nuoI	nuoM	83332.Rv3153	83332.Rv3157	0.873	0	0.686	0	0.973	0.928	0.870	0.435	0.999
nuoM	ppiA	83332.Rv3157	83332.Rv0009	0	0	0	0	0.120	0.737	0	0.087	0.770
nuoM	ptbB	83332.Rv3157	83332.Rv0153c	0	0	0	0	0	0.928	0	0.234	0.942
nuoM	pks4	83332.Rv3157	83332.Rv1181	0	0	0	0	0.082	0.449	0.561	0.174	0.792
nuoM	pks5	83332.Rv3157	83332.Rv1527c	0	0	0	0	0.095	0.884	0.561	0.168	0.956
nuoM	pks7	83332.Rv3157	83332.Rv1661	0	0	0	0	0.087	0.449	0.561	0.137	0.784
nuoM	pks17	83332.Rv3157	83332.Rv1663	0	0	0	0	0.095	0.884	0.561	0.077	0.951
nuoM	pks12	83332.Rv3157	83332.Rv2048c	0	0	0	0	0.132	0.884	0.561	0.220	0.960
nuoM	qcrB	83332.Rv3157	83332.Rv2196	0.044	0	0	0	0.839	0.902	0	0.344	0.988
nuoM	ppiB	83332.Rv3157	83332.Rv2582	0	0	0	0	0.102	0.737	0	0.087	0.765
nuoM	pepR	83332.Rv3157	83332.Rv2782c	0	0	0	0	0.070	0.882	0	0.095	0.892
nuoM	ppsA	83332.Rv3157	83332.Rv2931	0	0	0	0	0.071	0.449	0.561	0.081	0.766
nuoM	ppsB	83332.Rv3157	83332.Rv2932	0.051	0	0	0	0.067	0.449	0.561	0.081	0.767
nuoM	ppsC	83332.Rv3157	83332.Rv2933	0	0	0	0	0.101	0.884	0.561	0.168	0.956
nuoM	pks13	83332.Rv3157	83332.Rv3800c	0	0	0	0	0.070	0.449	0.561	0.081	0.765
nuoM	pks2	83332.Rv3157	83332.Rv3825c	0	0	0	0	0.098	0.884	0.561	0.190	0.957
nuoM	nuoN	83332.Rv3157	83332.Rv3158	0.882	0	0.323	0.615	0.976	0.997	0.844	0.611	0.999
nuoN	ppiA	83332.Rv3158	83332.Rv0009	0	0	0	0	0.055	0.721	0	0	0.725
nuoN	ptbB	83332.Rv3158	83332.Rv0153c	0	0	0	0	0	0.773	0	0	0.773
nuoN	trcR	83332.Rv3158	83332.Rv1033c	0.044	0	0	0	0.046	0.382	0	0.085	0.415
nuoN	pks4	83332.Rv3158	83332.Rv1181	0	0	0	0	0.066	0.449	0.556	0.136	0.776
nuoN	pks5	83332.Rv3158	83332.Rv1527c	0.045	0	0	0	0.070	0.909	0.556	0.166	0.964
nuoN	pks7	83332.Rv3158	83332.Rv1661	0	0	0	0	0.068	0.449	0.556	0.136	0.776
nuoN	pks17	83332.Rv3158	83332.Rv1663	0.042	0	0	0	0.070	0.909	0.556	0.088	0.961
nuoN	pks12	83332.Rv3158	83332.Rv2048c	0.045	0	0	0	0.105	0.909	0.556	0.222	0.968
nuoN	qcrB	83332.Rv3158	83332.Rv2196	0.045	0	0	0	0.653	0.886	0	0.266	0.968
nuoN	ppiB	83332.Rv3158	83332.Rv2582	0	0	0	0	0.047	0.721	0	0	0.722
nuoN	pepR	83332.Rv3158	83332.Rv2782c	0	0	0	0	0.055	0.861	0	0.095	0.870
nuoN	ppsA	83332.Rv3158	83332.Rv2931	0	0	0	0	0.055	0.449	0.556	0.076	0.758
nuoN	ppsB	83332.Rv3158	83332.Rv2932	0.051	0	0	0	0.078	0.449	0.556	0.076	0.766
nuoN	ppsC	83332.Rv3158	83332.Rv2933	0.045	0	0	0	0.074	0.909	0.556	0.166	0.964
nuoN	phyA	83332.Rv3158	83332.Rv3397c	0	0	0	0	0.062	0	0.567	0.094	0.600
nuoN	pks13	83332.Rv3158	83332.Rv3800c	0	0	0	0	0.058	0.449	0.556	0.077	0.759
nuoN	pks2	83332.Rv3158	83332.Rv3825c	0.045	0	0	0	0.073	0.909	0.556	0.166	0.964
papA1	pks3	83332.Rv3824c	83332.Rv1180	0.058	0	0	0	0.150	0.250	0	0.456	0.630
papA1	pks4	83332.Rv3824c	83332.Rv1181	0.139	0	0.400	0	0.551	0.473	0	0.689	0.955
papA1	papA3	83332.Rv3824c	83332.Rv1182	0	0	0.068	0.962	0.553	0	0	0.064	0.576
papA1	pks5	83332.Rv3824c	83332.Rv1527c	0.158	0	0.222	0	0.466	0.721	0	0.179	0.905
papA1	pks7	83332.Rv3824c	83332.Rv1661	0.139	0	0	0	0.441	0.473	0	0.142	0.753
papA1	pks17	83332.Rv3824c	83332.Rv1663	0.072	0	0	0	0.424	0.371	0	0.092	0.654
papA1	pks12	83332.Rv3824c	83332.Rv2048c	0.158	0	0.156	0	0.467	0.721	0	0.179	0.897
papA1	tesA	83332.Rv3824c	83332.Rv2928	0.071	0	0	0	0.242	0	0	0.242	0.420
papA1	ppsA	83332.Rv3824c	83332.Rv2931	0.073	0	0	0	0.441	0.473	0	0.324	0.790
papA1	ppsB	83332.Rv3824c	83332.Rv2932	0.129	0	0	0	0.442	0.473	0	0.157	0.755
papA1	ppsC	83332.Rv3824c	83332.Rv2933	0.158	0	0	0	0.467	0.721	0	0.321	0.903
papA1	ppsE	83332.Rv3824c	83332.Rv2935	0.058	0	0	0	0.108	0.250	0	0.345	0.532
papA1	pks15	83332.Rv3824c	83332.Rv2947c	0.058	0	0	0	0.109	0.250	0	0.173	0.410
papA1	pks13	83332.Rv3824c	83332.Rv3800c	0.158	0	0.159	0	0.660	0.473	0	0.269	0.890
papA1	pks2	83332.Rv3824c	83332.Rv3825c	0.664	0	0.217	0	0.888	0.721	0	0.831	0.998
papA2	pks3	83332.Rv3820c	83332.Rv1180	0.058	0	0	0	0.106	0.250	0	0.197	0.425
papA2	pks4	83332.Rv3820c	83332.Rv1181	0.139	0	0.332	0	0.438	0.473	0	0.393	0.877
papA2	pks5	83332.Rv3820c	83332.Rv1527c	0.158	0	0.177	0	0.471	0.721	0	0.179	0.900
papA2	pks7	83332.Rv3820c	83332.Rv1661	0.139	0	0	0	0.438	0.473	0	0.142	0.751
papA2	pks17	83332.Rv3820c	83332.Rv1663	0.072	0	0	0	0.420	0.371	0	0.092	0.651
papA2	pks12	83332.Rv3820c	83332.Rv2048c	0.158	0	0	0	0.468	0.721	0	0.179	0.883
papA2	tesA	83332.Rv3820c	83332.Rv2928	0.071	0	0	0	0.250	0	0	0.290	0.462
papA2	ppsA	83332.Rv3820c	83332.Rv2931	0.073	0	0	0	0.439	0.473	0	0.212	0.755
papA2	ppsB	83332.Rv3820c	83332.Rv2932	0.129	0	0	0	0.441	0.473	0	0.138	0.749
papA2	ppsC	83332.Rv3820c	83332.Rv2933	0.158	0	0	0	0.466	0.721	0	0.286	0.898
papA2	ppsE	83332.Rv3820c	83332.Rv2935	0.058	0	0	0	0.106	0.250	0	0.235	0.452
papA2	pks13	83332.Rv3820c	83332.Rv3800c	0.158	0	0.150	0	0.658	0.473	0	0.269	0.888
papA2	pks2	83332.Rv3820c	83332.Rv3825c	0.158	0	0.174	0	0.466	0.721	0	0.618	0.953
papA3	pks3	83332.Rv1182	83332.Rv1180	0.512	0	0	0	0.815	0.250	0	0.528	0.963
papA3	pks4	83332.Rv1182	83332.Rv1181	0.648	0	0.380	0	0.917	0.473	0	0.786	0.997
papA3	ppsE	83332.Rv1182	83332.Rv2935	0.058	0	0	0	0.109	0.250	0	0.216	0.441
papA3	pks9	83332.Rv1182	83332.Rv1664	0.058	0	0	0	0.111	0.250	0	0.346	0.534
papA3	pks17	83332.Rv1182	83332.Rv1663	0.072	0	0	0	0.426	0.371	0	0.092	0.655
papA3	ppsA	83332.Rv1182	83332.Rv2931	0.073	0	0	0	0.443	0.473	0	0.154	0.739
papA3	ppsB	83332.Rv1182	83332.Rv2932	0.129	0	0	0	0.442	0.473	0	0.138	0.749
papA3	pks7	83332.Rv1182	83332.Rv1661	0.139	0	0	0	0.443	0.473	0	0.142	0.754
papA3	ppsC	83332.Rv1182	83332.Rv2933	0.158	0	0	0	0.468	0.721	0	0.179	0.883
papA3	pks12	83332.Rv1182	83332.Rv2048c	0.158	0	0	0	0.468	0.721	0	0.202	0.887
papA3	pks13	83332.Rv1182	83332.Rv3800c	0.158	0	0.168	0	0.661	0.473	0	0.269	0.891
papA3	pks5	83332.Rv1182	83332.Rv1527c	0.158	0	0.210	0	0.466	0.721	0	0.179	0.903
papA3	pks2	83332.Rv1182	83332.Rv3825c	0.158	0	0.205	0	0.597	0.721	0	0.514	0.956
papA4	pks4	83332.Rv1528c	83332.Rv1181	0.126	0	0	0	0.430	0.465	0	0.135	0.738
papA4	pks5	83332.Rv1528c	83332.Rv1527c	0.157	0	0	0	0.453	0.642	0	0.827	0.967
papA4	pks17	83332.Rv1528c	83332.Rv1663	0.072	0	0	0	0.423	0.354	0	0.088	0.642
papA4	tesA	83332.Rv1528c	83332.Rv2928	0.071	0	0	0	0.234	0	0	0.592	0.684
papA4	ppsA	83332.Rv1528c	83332.Rv2931	0.073	0	0	0	0.431	0.465	0	0.092	0.709
papA4	ppsB	83332.Rv1528c	83332.Rv2932	0.116	0	0	0	0.429	0.465	0	0.135	0.735
papA4	pks7	83332.Rv1528c	83332.Rv1661	0.126	0	0	0	0.435	0.465	0	0.135	0.740
papA4	pks2	83332.Rv1528c	83332.Rv3825c	0.157	0	0	0	0.455	0.642	0	0.167	0.844
papA4	pks12	83332.Rv1528c	83332.Rv2048c	0.157	0	0	0	0.453	0.642	0	0.167	0.844
papA4	pks13	83332.Rv1528c	83332.Rv3800c	0.156	0	0	0	0.648	0.465	0	0.199	0.855
papA4	ppsC	83332.Rv1528c	83332.Rv2933	0.157	0	0	0	0.455	0.642	0	0.305	0.870
pepR	pks4	83332.Rv2782c	83332.Rv1181	0.075	0	0	0	0.211	0.454	0	0.097	0.592
pepR	pks5	83332.Rv2782c	83332.Rv1527c	0.152	0	0	0	0.220	0.667	0	0.139	0.785
pepR	pks7	83332.Rv2782c	83332.Rv1661	0.075	0	0	0	0.213	0.454	0	0.097	0.593
pepR	pks17	83332.Rv2782c	83332.Rv1663	0.072	0	0	0	0.175	0.608	0	0.099	0.693
pepR	pks12	83332.Rv2782c	83332.Rv2048c	0.152	0	0	0	0.231	0.667	0	0.139	0.788
pepR	qcrB	83332.Rv2782c	83332.Rv2196	0	0	0	0	0.064	0.928	0.844	0.133	0.989
pepR	ppsA	83332.Rv2782c	83332.Rv2931	0.043	0	0	0	0.182	0.447	0	0.087	0.551
pepR	pks13	83332.Rv2782c	83332.Rv3800c	0.052	0	0	0	0.182	0.447	0	0.094	0.559
pepR	ppsB	83332.Rv2782c	83332.Rv2932	0.071	0	0	0	0.175	0.460	0	0.121	0.587
pepR	pks2	83332.Rv2782c	83332.Rv3825c	0.152	0	0	0	0.212	0.667	0	0.139	0.782
pepR	ppsC	83332.Rv2782c	83332.Rv2933	0.152	0	0	0	0.218	0.667	0	0.139	0.784
phyA	pks4	83332.Rv3397c	83332.Rv1181	0.043	0	0	0	0.088	0	0.554	0.268	0.676
phyA	thrA	83332.Rv3397c	83332.Rv1294	0	0	0	0	0.042	0.142	0	0.510	0.562
phyA	pks5	83332.Rv3397c	83332.Rv1527c	0.071	0	0	0	0.242	0.137	0.554	0.321	0.782
phyA	pks7	83332.Rv3397c	83332.Rv1661	0.043	0	0	0	0.093	0	0.554	0.268	0.678
phyA	pks17	83332.Rv3397c	83332.Rv1663	0.058	0	0	0	0.189	0.137	0.554	0.142	0.702
phyA	pks12	83332.Rv3397c	83332.Rv2048c	0.071	0	0	0	0.233	0.137	0.554	0.321	0.779
phyA	ppsA	83332.Rv3397c	83332.Rv2931	0	0	0	0	0.071	0	0.554	0.136	0.611
phyA	ppsB	83332.Rv3397c	83332.Rv2932	0.070	0	0	0	0.116	0	0.554	0.270	0.696
phyA	ppsC	83332.Rv3397c	83332.Rv2933	0.071	0	0	0	0.237	0.137	0.554	0.321	0.781
phyA	pks13	83332.Rv3397c	83332.Rv3800c	0	0	0	0	0.068	0	0.554	0.201	0.639
phyA	pks2	83332.Rv3397c	83332.Rv3825c	0.071	0	0	0	0.235	0.137	0.554	0.321	0.780
pks10	pks3	83332.Rv1660	83332.Rv1180	0.045	0.083	0	0	0.051	0	0.720	0.077	0.746
pks10	pks4	83332.Rv1660	83332.Rv1181	0.073	0.005	0	0	0.078	0.284	0.720	0.163	0.830
pks10	pks5	83332.Rv1660	83332.Rv1527c	0.093	0.006	0	0	0.075	0.371	0	0.280	0.569
pks10	pks13	83332.Rv1660	83332.Rv3800c	0.077	0.003	0	0	0.075	0.284	0	0.280	0.501
pks10	pks2	83332.Rv1660	83332.Rv3825c	0.093	0.020	0	0	0.078	0.371	0	0.280	0.570
pks10	pks12	83332.Rv1660	83332.Rv2048c	0.093	0	0	0	0.073	0.371	0	0.325	0.595
pks10	pks8	83332.Rv1660	83332.Rv1662	0.518	0.019	0	0	0.098	0	0	0.255	0.648
pks10	ppsE	83332.Rv1660	83332.Rv2935	0.072	0.005	0	0	0.044	0	0.720	0.087	0.742
pks10	ppsD	83332.Rv1660	83332.Rv2934	0.072	0.002	0	0	0.044	0	0.720	0.206	0.776
pks10	pks9	83332.Rv1660	83332.Rv1664	0.526	0.035	0	0	0.083	0	0	0.534	0.780
pks10	pks11	83332.Rv1660	83332.Rv1665	0.337	0	0.052	0.984	0.047	0	0.720	0.054	0.812
pks10	ppsA	83332.Rv1660	83332.Rv2931	0.073	0.002	0	0	0.074	0.284	0.720	0.100	0.817
pks10	pks7	83332.Rv1660	83332.Rv1661	0.581	0.017	0	0	0.373	0.284	0	0.163	0.822
pks10	ppsB	83332.Rv1660	83332.Rv2932	0.073	0.006	0	0	0.070	0.470	0.720	0.163	0.873
pks10	ppsC	83332.Rv1660	83332.Rv2933	0.093	0.006	0	0	0.075	0.371	0.720	0.357	0.887
pks10	pks17	83332.Rv1660	83332.Rv1663	0.526	0.026	0	0	0.177	0.371	0	0.675	0.909
pks11	pks3	83332.Rv1665	83332.Rv1180	0.045	0.098	0	0	0	0	0.720	0.077	0.747
pks11	pks4	83332.Rv1665	83332.Rv1181	0.073	0.006	0	0	0.073	0.284	0.720	0.163	0.829
pks11	pks5	83332.Rv1665	83332.Rv1527c	0.093	0.035	0	0	0.080	0.371	0	0.280	0.571
pks11	pks7	83332.Rv1665	83332.Rv1661	0.485	0.034	0	0	0.077	0.284	0	0.163	0.677
pks11	pks8	83332.Rv1665	83332.Rv1662	0.480	0.038	0	0	0.053	0	0	0.539	0.754
pks11	pks17	83332.Rv1665	83332.Rv1663	0.494	0.058	0	0	0.072	0.371	0	0.877	0.959
pks11	pks9	83332.Rv1665	83332.Rv1664	0.494	0.069	0	0	0.047	0	0	0.813	0.905
pks11	pks13	83332.Rv1665	83332.Rv3800c	0.077	0.007	0	0	0.074	0.284	0	0.266	0.491
pks11	tesA	83332.Rv1665	83332.Rv2928	0	0	0	0	0	0	0	0.530	0.530
pks11	pks2	83332.Rv1665	83332.Rv3825c	0.093	0.040	0	0	0.073	0.371	0	0.280	0.568
pks11	pks12	83332.Rv1665	83332.Rv2048c	0.093	0	0	0	0.075	0.371	0	0.280	0.569
pks11	ppsE	83332.Rv1665	83332.Rv2935	0.072	0.010	0	0	0	0	0.720	0.087	0.742
pks11	ppsA	83332.Rv1665	83332.Rv2931	0.073	0.004	0	0	0.070	0.284	0.720	0.100	0.816
pks11	ppsD	83332.Rv1665	83332.Rv2934	0.072	0.010	0	0	0	0	0.720	0.360	0.819
pks11	ppsB	83332.Rv1665	83332.Rv2932	0.073	0.013	0	0	0.072	0.470	0.720	0.163	0.873
pks11	ppsC	83332.Rv1665	83332.Rv2933	0.093	0.034	0	0	0.073	0.371	0.720	0.490	0.910
pks12	ppiA	83332.Rv2048c	83332.Rv0009	0.072	0	0	0	0.105	0.910	0	0.127	0.926
pks12	ptbB	83332.Rv2048c	83332.Rv0153c	0.052	0	0	0	0.063	0.382	0	0.098	0.439
pks12	pks3	83332.Rv2048c	83332.Rv1180	0.093	0	0.123	0.886	0.061	0.408	0	0.098	0.529
pks12	pks4	83332.Rv2048c	83332.Rv1181	0.544	0	0.277	0.667	0.283	0.795	0	0.471	0.969
pks12	pks5	83332.Rv2048c	83332.Rv1527c	0.544	0	0.255	0.705	0.429	0.965	0	0.662	0.997
pks12	pks7	83332.Rv2048c	83332.Rv1661	0.544	0	0.069	0.961	0.287	0.795	0	0.439	0.958
pks12	pks8	83332.Rv2048c	83332.Rv1662	0.190	0	0.068	0.963	0.112	0.791	0	0.299	0.883
pks12	pks17	83332.Rv2048c	83332.Rv1663	0.186	0	0.098	0.921	0.405	0.233	0	0.269	0.711
pks12	pks9	83332.Rv2048c	83332.Rv1664	0.481	0	0.134	0.872	0.066	0.408	0	0.098	0.735
pks12	relA	83332.Rv2048c	83332.Rv2583c	0.072	0	0	0	0.062	0.405	0	0.134	0.491
pks12	pks15	83332.Rv2048c	83332.Rv2947c	0.093	0	0.061	0.972	0.113	0.408	0	0.104	0.526
pks12	ppsD	83332.Rv2048c	83332.Rv2934	0.093	0	0.265	0.687	0.097	0.408	0	0.098	0.620
pks12	ppsE	83332.Rv2048c	83332.Rv2935	0.093	0	0.286	0.648	0.084	0.408	0	0.167	0.654
pks12	ppsA	83332.Rv2048c	83332.Rv2931	0.210	0	0.287	0.658	0.236	0.414	0	0.280	0.785
pks12	tesA	83332.Rv2048c	83332.Rv2928	0.199	0	0.671	0	0.391	0	0	0.364	0.884
pks12	qcrB	83332.Rv2048c	83332.Rv2196	0.043	0	0	0	0.063	0.881	0	0.168	0.899
pks12	ppsB	83332.Rv2048c	83332.Rv2932	0.544	0	0.273	0.676	0.259	0.458	0	0.510	0.923
pks12	ppiB	83332.Rv2048c	83332.Rv2582	0.072	0	0	0	0.101	0.910	0	0.127	0.925
pks12	pks13	83332.Rv2048c	83332.Rv3800c	0.544	0	0.282	0.642	0.803	0.414	0	0.812	0.991
pks12	pks2	83332.Rv2048c	83332.Rv3825c	0.544	0	0.255	0.706	0.422	0.965	0	0.629	0.996
pks12	ppsC	83332.Rv2048c	83332.Rv2933	0.544	0	0.264	0.693	0.436	0.965	0	0.631	0.997
pks13	ppiA	83332.Rv3800c	83332.Rv0009	0.046	0	0	0	0.098	0.399	0	0.057	0.447
pks13	pks3	83332.Rv3800c	83332.Rv1180	0.093	0	0.160	0.837	0.413	0	0	0.108	0.548
pks13	pks4	83332.Rv3800c	83332.Rv1181	0.544	0	0.292	0.606	0.676	0.180	0	0.582	0.957
pks13	pks5	83332.Rv3800c	83332.Rv1527c	0.544	0	0.307	0.635	0.803	0.414	0	0.720	0.987
pks13	pks7	83332.Rv3800c	83332.Rv1661	0.544	0	0.305	0.636	0.675	0.180	0	0.582	0.958
pks13	pks8	83332.Rv3800c	83332.Rv1662	0.212	0	0.305	0.638	0.424	0.180	0	0.322	0.793
pks13	pks17	83332.Rv3800c	83332.Rv1663	0.194	0.688	0.758	0	0.469	0.164	0	0.317	0.977
pks13	pks9	83332.Rv3800c	83332.Rv1664	0.093	0	0.250	0.714	0.411	0	0	0.108	0.595
pks13	qcrB	83332.Rv3800c	83332.Rv2196	0	0	0	0	0.077	0.442	0	0.393	0.660
pks13	ppiB	83332.Rv3800c	83332.Rv2582	0.046	0	0	0	0.092	0.399	0	0.057	0.443
pks13	relA	83332.Rv3800c	83332.Rv2583c	0	0	0	0	0.050	0.405	0	0.077	0.432
pks13	tesA	83332.Rv3800c	83332.Rv2928	0.216	0.003	0.483	0	0.783	0	0	0.405	0.940
pks13	ppsA	83332.Rv3800c	83332.Rv2931	0.198	0	0.264	0.695	0.650	0	0	0.322	0.841
pks13	ppsB	83332.Rv3800c	83332.Rv2932	0.544	0	0.279	0.674	0.660	0.134	0	0.484	0.941
pks13	ppsC	83332.Rv3800c	83332.Rv2933	0.544	0	0.301	0.644	0.803	0.414	0	0.694	0.986
pks13	ppsD	83332.Rv3800c	83332.Rv2934	0.093	0	0.292	0.656	0.416	0	0	0.108	0.621
pks13	ppsE	83332.Rv3800c	83332.Rv2935	0.093	0	0.319	0.618	0.417	0	0	0.115	0.639
pks13	pks15	83332.Rv3800c	83332.Rv2947c	0.093	0	0.141	0.863	0.413	0	0	0.128	0.548
pks13	pks2	83332.Rv3800c	83332.Rv3825c	0.544	0	0.305	0.637	0.804	0.414	0	0.691	0.986
pks15	pks4	83332.Rv2947c	83332.Rv1181	0.072	0.829	0.749	0	0.059	0.180	0	0.532	0.982
pks15	pks5	83332.Rv2947c	83332.Rv1527c	0.093	0	0.121	0.890	0.060	0.408	0	0.098	0.527
pks15	pks17	83332.Rv2947c	83332.Rv1663	0.071	0.900	0.774	0	0.054	0.163	0	0.080	0.981
pks15	tesA	83332.Rv2947c	83332.Rv2928	0.071	0.041	0.682	0	0.157	0	0	0.080	0.740
pks15	ppsC	83332.Rv2947c	83332.Rv2933	0.093	0	0.110	0.905	0.078	0.408	0	0.104	0.534
pks15	pks2	83332.Rv2947c	83332.Rv3825c	0.093	0	0.123	0.887	0.060	0.408	0	0.115	0.538
pks17	ppiA	83332.Rv1663	83332.Rv0009	0.053	0	0	0	0.102	0.821	0	0.086	0.842
pks17	ptbB	83332.Rv1663	83332.Rv0153c	0.045	0	0	0	0	0.382	0	0.084	0.412
pks17	pks3	83332.Rv1663	83332.Rv1180	0.071	0.900	0.772	0	0.059	0.163	0	0.080	0.981
pks17	pks4	83332.Rv1663	83332.Rv1181	0.157	0	0.299	0.642	0.236	0.215	0	0.166	0.651
pks17	pks5	83332.Rv1663	83332.Rv1527c	0.186	0	0.315	0.625	0.405	0.233	0	0.269	0.780
pks17	pks7	83332.Rv1663	83332.Rv1661	0.748	0	0.061	0.972	0.859	0.215	0	0.166	0.974
pks17	pks8	83332.Rv1663	83332.Rv1662	0.791	0.899	0.774	0	0.816	0.196	0.900	0.883	0.999
pks17	ppsD	83332.Rv1663	83332.Rv2934	0.072	0	0.310	0.632	0.055	0.163	0	0.080	0.449
pks17	relA	83332.Rv1663	83332.Rv2583c	0.065	0	0	0	0.060	0.405	0	0.116	0.476
pks17	ppsA	83332.Rv1663	83332.Rv2931	0.093	0	0.320	0.618	0.172	0.164	0	0.097	0.545
pks17	ppsB	83332.Rv1663	83332.Rv2932	0.159	0	0.315	0.625	0.182	0.220	0	0.166	0.637
pks17	ppsC	83332.Rv1663	83332.Rv2933	0.186	0	0.274	0.682	0.405	0.233	0	0.269	0.767
pks17	pks2	83332.Rv1663	83332.Rv3825c	0.186	0	0.309	0.633	0.409	0.233	0	0.269	0.780
pks17	tesA	83332.Rv1663	83332.Rv2928	0.093	0	0.683	0	0.219	0	0	0.287	0.818
pks17	ppiB	83332.Rv1663	83332.Rv2582	0.053	0	0	0	0.099	0.821	0	0.086	0.841
pks17	qcrB	83332.Rv1663	83332.Rv2196	0	0	0	0	0.065	0.881	0	0.093	0.890
pks17	ppsE	83332.Rv1663	83332.Rv2935	0.105	0.737	0.762	0	0.056	0.163	0	0.080	0.950
pks17	pks9	83332.Rv1663	83332.Rv1664	0.780	0	0.323	0.614	0.861	0.163	0	0.386	0.987
pks2	ppiA	83332.Rv3825c	83332.Rv0009	0.072	0	0	0	0.102	0.910	0	0.127	0.925
pks2	ptbB	83332.Rv3825c	83332.Rv0153c	0.052	0	0	0	0.066	0.382	0	0.098	0.440
pks2	trcS	83332.Rv3825c	83332.Rv1032c	0.045	0	0	0	0.150	0.178	0	0.254	0.436
pks2	pks3	83332.Rv3825c	83332.Rv1180	0.093	0	0.057	0.978	0.362	0.408	0	0.113	0.661
pks2	pks4	83332.Rv3825c	83332.Rv1181	0.544	0	0.059	0.975	0.798	0.795	0	0.451	0.988
pks2	pks5	83332.Rv3825c	83332.Rv1527c	0.544	0	0.054	0.981	0.421	0.965	0	0.610	0.995
pks2	pks7	83332.Rv3825c	83332.Rv1661	0.544	0	0.248	0.717	0.286	0.795	0	0.470	0.968
pks2	pks8	83332.Rv3825c	83332.Rv1662	0.190	0	0.233	0.737	0.105	0.791	0	0.308	0.905
pks2	pks9	83332.Rv3825c	83332.Rv1664	0.093	0	0.249	0.716	0.064	0.408	0	0.098	0.597
pks2	qcrB	83332.Rv3825c	83332.Rv2196	0.043	0	0	0	0.059	0.881	0	0.168	0.899
pks2	ppiB	83332.Rv3825c	83332.Rv2582	0.072	0	0	0	0.097	0.910	0	0.127	0.925
pks2	relA	83332.Rv3825c	83332.Rv2583c	0.072	0	0	0	0.073	0.405	0	0.134	0.497
pks2	tesA	83332.Rv3825c	83332.Rv2928	0.199	0.003	0.548	0	0.388	0	0	0.317	0.828
pks2	ppsA	83332.Rv3825c	83332.Rv2931	0.210	0	0.286	0.665	0.222	0.414	0	0.306	0.789
pks2	ppsB	83332.Rv3825c	83332.Rv2932	0.544	0	0.252	0.712	0.227	0.458	0	0.510	0.917
pks2	ppsC	83332.Rv3825c	83332.Rv2933	0.544	0	0.187	0.800	0.424	0.965	0	0.612	0.996
pks2	ppsD	83332.Rv3825c	83332.Rv2934	0.093	0	0.213	0.765	0.061	0.408	0	0.098	0.577
pks2	ppsE	83332.Rv3825c	83332.Rv2935	0.093	0	0.310	0.628	0.061	0.408	0	0.149	0.650
pks3	pks5	83332.Rv1180	83332.Rv1527c	0.093	0	0.056	0.979	0.056	0.408	0	0.098	0.489
pks3	tesA	83332.Rv1180	83332.Rv2928	0.071	0.038	0.634	0	0.152	0	0	0.199	0.738
pks3	ppsD	83332.Rv1180	83332.Rv2934	0.071	0	0.087	0.937	0.051	0	0.720	0	0.744
pks3	ppsA	83332.Rv1180	83332.Rv2931	0.051	0	0.120	0.892	0.063	0	0.720	0.071	0.759
pks3	ppsB	83332.Rv1180	83332.Rv2932	0.072	0	0.087	0.936	0.055	0.134	0.720	0.084	0.781
pks3	ppsE	83332.Rv1180	83332.Rv2935	0.071	0	0.202	0.779	0.053	0	0.720	0.088	0.788
pks3	ppsC	83332.Rv1180	83332.Rv2933	0.093	0	0.106	0.910	0.064	0.408	0.720	0.098	0.860
pks3	pks4	83332.Rv1180	83332.Rv1181	0.645	0.806	0.756	0	0.861	0.180	0.900	0.085	0.999
pks4	ppiA	83332.Rv1181	83332.Rv0009	0.071	0	0	0	0.093	0.463	0	0.085	0.530
pks4	relA	83332.Rv1181	83332.Rv2583c	0.053	0	0	0	0.068	0.405	0	0.085	0.455
pks4	pks9	83332.Rv1181	83332.Rv1664	0.072	0	0.313	0.607	0.059	0.180	0	0.085	0.468
pks4	qcrB	83332.Rv1181	83332.Rv2196	0	0	0	0	0.056	0.442	0	0.131	0.502
pks4	ppiB	83332.Rv1181	83332.Rv2582	0.071	0	0	0	0.088	0.463	0	0.085	0.527
pks4	tesA	83332.Rv1181	83332.Rv2928	0.157	0	0.246	0	0.388	0	0	0.314	0.697
pks4	pks8	83332.Rv1181	83332.Rv1662	0.150	0	0.315	0.620	0.069	0.433	0	0.176	0.701
pks4	pks7	83332.Rv1181	83332.Rv1661	0.216	0	0.291	0.655	0.084	0.433	0	0.301	0.761
pks4	ppsD	83332.Rv1181	83332.Rv2934	0.072	0	0.274	0.632	0.059	0.180	0.720	0.085	0.836
pks4	ppsE	83332.Rv1181	83332.Rv2935	0.072	0	0.207	0.605	0.059	0.180	0.720	0.209	0.845
pks4	ppsA	83332.Rv1181	83332.Rv2931	0.151	0	0.306	0.609	0.073	0.180	0.720	0.250	0.884
pks4	ppsB	83332.Rv1181	83332.Rv2932	0.481	0	0.304	0.607	0.075	0.232	0.720	0.332	0.940
pks4	pks5	83332.Rv1181	83332.Rv1527c	0.544	0	0.059	0.975	0.280	0.795	0	0.439	0.958
pks4	ppsC	83332.Rv1181	83332.Rv2933	0.544	0	0.220	0.753	0.283	0.795	0.720	0.444	0.990
pks5	ppiA	83332.Rv1527c	83332.Rv0009	0.072	0	0	0	0.100	0.910	0	0.127	0.925
pks5	ptbB	83332.Rv1527c	83332.Rv0153c	0.052	0	0	0	0.061	0.382	0	0.098	0.437
pks5	relA	83332.Rv1527c	83332.Rv2583c	0.072	0	0	0	0.060	0.405	0	0.134	0.490
pks5	ppsD	83332.Rv1527c	83332.Rv2934	0.093	0	0.214	0.763	0.061	0.408	0	0.126	0.591
pks5	pks9	83332.Rv1527c	83332.Rv1664	0.093	0	0.244	0.722	0.061	0.408	0	0.098	0.594
pks5	ppsE	83332.Rv1527c	83332.Rv2935	0.093	0	0.309	0.628	0.061	0.408	0	0.154	0.652
pks5	ppsA	83332.Rv1527c	83332.Rv2931	0.210	0	0.291	0.658	0.219	0.414	0	0.280	0.782
pks5	tesA	83332.Rv1527c	83332.Rv2928	0.199	0.004	0.540	0	0.391	0	0	0.436	0.856
pks5	qcrB	83332.Rv1527c	83332.Rv2196	0.043	0	0	0	0.056	0.881	0	0.168	0.898
pks5	pks8	83332.Rv1527c	83332.Rv1662	0.190	0	0.229	0.743	0.104	0.791	0	0.327	0.907
pks5	ppsB	83332.Rv1527c	83332.Rv2932	0.544	0	0.256	0.706	0.227	0.458	0	0.510	0.917
pks5	ppiB	83332.Rv1527c	83332.Rv2582	0.072	0	0	0	0.102	0.910	0	0.127	0.925
pks5	pks7	83332.Rv1527c	83332.Rv1661	0.544	0	0.245	0.721	0.283	0.795	0	0.439	0.966
pks5	ppsC	83332.Rv1527c	83332.Rv2933	0.544	0	0.188	0.799	0.424	0.965	0	0.618	0.996
pks7	ppiA	83332.Rv1661	83332.Rv0009	0.071	0	0	0	0.092	0.463	0	0.085	0.530
pks7	trcS	83332.Rv1661	83332.Rv1032c	0.043	0	0	0	0.140	0.152	0	0.484	0.591
pks7	ppsD	83332.Rv1661	83332.Rv2934	0.072	0	0.267	0.691	0.056	0.180	0	0.085	0.431
pks7	relA	83332.Rv1661	83332.Rv2583c	0.053	0	0	0	0.068	0.405	0	0.085	0.455
pks7	ppsE	83332.Rv1661	83332.Rv2935	0.072	0	0.307	0.635	0.057	0.180	0	0.085	0.462
pks7	qcrB	83332.Rv1661	83332.Rv2196	0	0	0	0	0.064	0.442	0	0.131	0.506
pks7	ppiB	83332.Rv1661	83332.Rv2582	0.071	0	0	0	0.090	0.463	0	0.085	0.529
pks7	ppsA	83332.Rv1661	83332.Rv2931	0.151	0	0.279	0.674	0.070	0.180	0	0.153	0.533
pks7	ppsB	83332.Rv1661	83332.Rv2932	0.481	0	0.261	0.699	0.074	0.232	0	0.321	0.781
pks7	tesA	83332.Rv1661	83332.Rv2928	0.157	0.007	0.693	0	0.388	0	0	0.266	0.868
pks7	ppsC	83332.Rv1661	83332.Rv2933	0.544	0	0.243	0.724	0.282	0.795	0	0.439	0.966
pks7	pks9	83332.Rv1661	83332.Rv1664	0.855	0	0.170	0.823	0.800	0.180	0	0.085	0.978
pks7	pks8	83332.Rv1661	83332.Rv1662	0.747	0	0.067	0.964	0.863	0.433	0	0.155	0.981
pks8	ppsE	83332.Rv1662	83332.Rv2935	0.066	0	0.300	0.646	0.053	0.180	0	0.046	0.428
pks8	ppsA	83332.Rv1662	83332.Rv2931	0.093	0	0.282	0.670	0.067	0.180	0	0.136	0.492
pks8	ppsB	83332.Rv1662	83332.Rv2932	0.163	0	0.284	0.668	0.067	0.232	0	0.176	0.582
pks8	tesA	83332.Rv1662	83332.Rv2928	0.093	0.022	0.714	0	0.152	0	0	0.123	0.781
pks8	ppsC	83332.Rv1662	83332.Rv2933	0.190	0	0.234	0.736	0.104	0.791	0	0.285	0.901
pks8	pks9	83332.Rv1662	83332.Rv1664	0.780	0	0.118	0.894	0.805	0.180	0	0.107	0.967
pks9	ppsC	83332.Rv1664	83332.Rv2933	0.093	0	0.247	0.718	0.061	0.408	0	0.098	0.595
pks9	tesA	83332.Rv1664	83332.Rv2928	0.093	0.024	0.696	0	0.154	0	0	0.081	0.757
ppiA	ppsA	83332.Rv0009	83332.Rv2931	0.044	0	0	0	0.096	0.399	0	0.057	0.445
ppiA	ppsB	83332.Rv0009	83332.Rv2932	0.072	0	0	0	0.104	0.399	0	0.076	0.476
ppiA	ppiB	83332.Rv0009	83332.Rv2582	0	0	0.248	0.717	0.177	0	0	0.288	0.521
ppiA	ptbB	83332.Rv0009	83332.Rv0153c	0	0	0	0	0	0.586	0	0	0.586
ppiA	ppsC	83332.Rv0009	83332.Rv2933	0.072	0	0	0	0.101	0.910	0	0.127	0.925
ppiB	ptbB	83332.Rv2582	83332.Rv0153c	0	0	0	0	0.044	0.586	0	0	0.587
ppiB	ppsA	83332.Rv2582	83332.Rv2931	0.044	0	0	0	0.090	0.399	0	0.057	0.441
ppiB	ppsB	83332.Rv2582	83332.Rv2932	0.072	0	0	0	0.102	0.399	0	0.076	0.475
ppiB	ppsC	83332.Rv2582	83332.Rv2933	0.072	0	0	0	0.099	0.910	0	0.127	0.925
ppsA	qcrB	83332.Rv2931	83332.Rv2196	0	0	0	0	0.056	0.442	0	0.075	0.470
ppsA	relA	83332.Rv2931	83332.Rv2583c	0	0	0	0	0.050	0.405	0	0.077	0.432
ppsA	tesA	83332.Rv2931	83332.Rv2928	0.094	0.006	0.705	0	0.389	0	0.500	0.323	0.934
ppsA	ppsD	83332.Rv2931	83332.Rv2934	0.777	0	0.176	0.815	0.107	0	0.900	0.153	0.983
ppsA	ppsE	83332.Rv2931	83332.Rv2935	0.798	0	0.313	0.628	0.280	0	0.900	0.311	0.991
ppsA	ppsC	83332.Rv2931	83332.Rv2933	0.813	0	0.175	0.817	0.255	0.414	0.900	0.364	0.994
ppsA	ppsB	83332.Rv2931	83332.Rv2932	0.799	0	0.104	0.914	0.802	0.134	0.900	0.209	0.997
ppsB	qcrB	83332.Rv2932	83332.Rv2196	0	0	0	0	0.054	0.442	0	0.099	0.483
ppsB	relA	83332.Rv2932	83332.Rv2583c	0.070	0	0	0	0.047	0.405	0	0.086	0.453
ppsB	tesA	83332.Rv2932	83332.Rv2928	0.156	0.014	0.719	0	0.393	0	0.500	0.269	0.937
ppsB	ppsD	83332.Rv2932	83332.Rv2934	0.780	0	0.126	0.884	0.281	0.134	0.900	0.151	0.987
ppsB	ppsE	83332.Rv2932	83332.Rv2935	0.798	0	0.310	0.633	0.171	0.134	0.900	0.248	0.990
ppsB	ppsC	83332.Rv2932	83332.Rv2933	0.892	0	0.123	0.887	0.368	0.458	0.900	0.544	0.998
ppsC	ptbB	83332.Rv2933	83332.Rv0153c	0.052	0	0	0	0.061	0.382	0	0.098	0.437
ppsC	qcrB	83332.Rv2933	83332.Rv2196	0.043	0	0	0	0.059	0.881	0	0.168	0.899
ppsC	relA	83332.Rv2933	83332.Rv2583c	0.072	0	0	0	0.065	0.405	0	0.189	0.525
ppsC	tesA	83332.Rv2933	83332.Rv2928	0.199	0.004	0.667	0	0.388	0	0.500	0.317	0.934
ppsC	ppsD	83332.Rv2933	83332.Rv2934	0.785	0	0.137	0.869	0.862	0.408	0.900	0.173	0.998
ppsC	ppsE	83332.Rv2933	83332.Rv2935	0.880	0	0.315	0.625	0.862	0.408	0.900	0.264	0.999
ppsD	tesA	83332.Rv2934	83332.Rv2928	0.093	0.012	0.725	0	0.152	0	0.500	0.081	0.885
ppsD	ppsE	83332.Rv2934	83332.Rv2935	0.773	0	0.304	0.640	0.860	0	0.900	0.210	0.997
ppsE	tesA	83332.Rv2935	83332.Rv2928	0.093	0.009	0.742	0	0.154	0	0.500	0.647	0.958
thrA	thrB	83332.Rv1294	83332.Rv1296	0.731	0	0.182	0	0.875	0.151	0.900	0.843	0.999
trcR	trcS	83332.Rv1033c	83332.Rv1032c	0.880	0	0.769	0	0.356	0.366	0.900	0.830	0.999
